#
# A fatal error has been detected by the Java Runtime Environment:
#
#  SIGSEGV (0xb) at pc=0x00007eb2ef77260e, pid=577649, tid=577677
#
# JRE version: OpenJDK Runtime Environment Temurin-22.0.2+9 (22.0.2+9) (build 22.0.2+9)
# Java VM: OpenJDK 64-Bit Server VM Temurin-22.0.2+9 (22.0.2+9, mixed mode, sharing, tiered, compressed oops, compressed class ptrs, g1 gc, linux-amd64)
# Problematic frame:
# C  [libEGL_nvidia.so.0+0xb660e]
#
# Core dump will be written. Default location: Core dumps may be processed with "/usr/share/apport/apport -p%p -s%s -c%c -d%d -P%P -u%u -g%g -F%F -- %E" (or dumping to /home/doghouse/Source/Mechanica/Mechanica/samples/core.577649)
#
# If you would like to submit a bug report, please visit:
#   https://github.com/adoptium/adoptium-support/issues
#

---------------  S U M M A R Y ------------

Command Line: -Dfile.encoding=UTF-8 -Duser.country=IE -Duser.language=en -Duser.variant com.mechanica.engine.samples.ui.ComposeUISceneKt

Host: 13th Gen Intel(R) Core(TM) i7-1360P, 16 cores, 14G, Ubuntu 25.10
Time: Thu Jul 30 17:30:31 2026 IST elapsed time: 63.317767 seconds (0d 0h 1m 3s)

---------------  T H R E A D  ---------------

Current thread is native thread

Stack: [0x00007eb2ecc00000,0x00007eb2ed400000],  sp=0x00007eb2ed3fee10,  free space=8187k
Native frames: (J=compiled Java code, j=interpreted, Vv=VM code, C=native code)
C  [libEGL_nvidia.so.0+0xb660e]

siginfo: si_signo: 11 (SIGSEGV), si_code: 1 (SEGV_MAPERR), si_addr: 0x0000000000000040

Registers:
RAX=0x0000000000000000, RBX=0x00007eb2ecbfdf80, RCX=0x0000000000000001, RDX=0x00007eb2ef57e81c
RSP=0x00007eb2ed3fee10, RBP=0x00007eb2ec2dd040, RSI=0x00007eb2ef765840, RDI=0x00007eb2ef7fe4a8
R8 =0x0000000000000000, R9 =0x0000000000000000, R10=0x0000000000000000, R11=0x0000000000000000
R12=0x00007eb2ef583aa0, R13=0x00007eb2ec2dd040, R14=0x00007eb2ecbfe380, R15=0x0000000000000000
RIP=0x00007eb2ef77260e, EFLAGS=0x0000000000010206, CSGSFS=0x002b000000000033, ERR=0x0000000000000004
  TRAPNO=0x000000000000000e


Top of Stack: (sp=0x00007eb2ed3fee10)
0x00007eb2ed3fee10:   00007eb2ef580900 00007eb2ede1108a
0x00007eb2ed3fee20:   00007eb2ef580900 00007eb2edc3731f
0x00007eb2ed3fee30:   0000002cb4778d80 00007eb2ef52cd00
0x00007eb2ed3fee40:   00007eb2ed3ff6c0 00017eb200000000
0x00007eb2ed3fee50:   00007eb2ed3feea0 00007eb2ecbfe380
0x00007eb2ed3fee60:   00007eb2ede12530 00007eb2ed3ff6c0
0x00007eb2ed3fee70:   00007eb3bacee7b0 00007eb2ed3ffce4
0x00007eb2ed3fee80:   00007eb3bacee8b7 00007eb2ede1350a
0x00007eb2ed3fee90:   00007eb2ed3ff6c0 00007eb2ed3ff6c0
0x00007eb2ed3feea0:   00007eb2ed3fef70 00007eb3bc4a3d64
0x00007eb2ed3feeb0:   0000000000801000 00007eb2ecbff000
0x00007eb2ed3feec0:   0000000000000000 0000008000000000
0x00007eb2ed3feed0:   ffffffffffffff40 0000000000000000
0x00007eb2ed3feee0:   0000000000000020 00007eb2ed3ff6c0
0x00007eb2ed3feef0:   00007eb2ed3ff6c0 811fd96f8864cdc0
0x00007eb2ed3fef00:   00007eb2ed3ff6c0 00007eb3bacee7b0
0x00007eb2ed3fef10:   0000000000000000 00007eb3bacee8b7
0x00007eb2ed3fef20:   811fd96f8be4cdc0 811d7b84206ecdc0
0x00007eb2ed3fef30:   0000000000000000 0000000000000000
0x00007eb2ed3fef40:   0000000000000000 0000000000000000
0x00007eb2ed3fef50:   0000000000000000 725b1366bab29f00
0x00007eb2ed3fef60:   00007eb3bc4a3a80 0000000000000000
0x00007eb2ed3fef70:   0000000000000000 00007eb3bc5373fc
0x00007eb2ed3fef80:   0000000000000000 0000000000000000
0x00007eb2ed3fef90:   0000000000000000 0000000000000000
0x00007eb2ed3fefa0:   0000000000000000 0000000000000000
0x00007eb2ed3fefb0:   0000000000000000 0000000000000000
0x00007eb2ed3fefc0:   0000000000000000 0000000000000000
0x00007eb2ed3fefd0:   0000000000000000 0000000000000000
0x00007eb2ed3fefe0:   0000000000000000 0000000000000000
0x00007eb2ed3feff0:   0000000000000000 0000000000000000
0x00007eb2ed3ff000:   0000000000000000 0000000000000000 

Instructions: (pc=0x00007eb2ef77260e)
0x00007eb2ef77250e:   4c 24 08 48 85 c0 48 89 c2 74 61 48 89 08 49 8b
0x00007eb2ef77251e:   44 24 40 48 83 c2 08 48 85 c0 74 41 41 8b 4c 24
0x00007eb2ef77252e:   34 31 c0 85 c9 74 19 49 8b 74 24 40 89 c1 83 c0
0x00007eb2ef77253e:   01 48 8b 34 ce 48 89 34 ca 41 39 44 24 34 77 e7
0x00007eb2ef77254e:   49 8b 44 24 40 48 85 c0 74 13 48 8d 78 f8 48 89
0x00007eb2ef77255e:   54 24 08 e8 1a a8 00 00 48 8b 54 24 08 45 89 7c
0x00007eb2ef77256e:   24 34 49 89 54 24 40 e9 9a fe ff ff 45 8b 74 24
0x00007eb2ef77257e:   34 e9 90 fe ff ff 66 2e 0f 1f 84 00 00 00 00 00
0x00007eb2ef77258e:   66 90 48 8b 07 48 39 f0 74 58 55 48 89 fd 53 48
0x00007eb2ef77259e:   89 f3 48 83 ec 08 48 85 c0 74 15 48 8d 78 08 ff
0x00007eb2ef7725ae:   50 18 85 c0 75 0a 48 8b 7d 00 48 8b 07 ff 50 08
0x00007eb2ef7725be:   48 89 5d 00 48 85 db 74 19 48 8b 43 10 48 83 c4
0x00007eb2ef7725ce:   08 48 8d 7b 08 5b 5d ff e0 66 0f 1f 84 00 00 00
0x00007eb2ef7725de:   00 00 48 83 c4 08 5b 5d c3 66 0f 1f 84 00 00 00
0x00007eb2ef7725ee:   00 00 c3 66 66 2e 0f 1f 84 00 00 00 00 00 0f 1f
0x00007eb2ef7725fe:   40 00 48 83 ec 08 bf 01 00 00 00 e8 62 4a ff ff
0x00007eb2ef77260e:   8b 70 40 48 8d 78 30 48 83 c4 08 e9 62 68 f8 ff
0x00007eb2ef77261e:   66 90 48 83 ec 18 48 8b 87 b0 04 00 00 ba 04 00
0x00007eb2ef77262e:   00 00 be 01 00 00 00 48 8d 4c 24 0c bf 01 00 00
0x00007eb2ef77263e:   00 ff 90 d8 00 00 00 48 83 c4 18 c3 66 0f 1f 44
0x00007eb2ef77264e:   00 00 49 89 fa 41 89 d1 40 0f b6 fe 89 ca 49 8b
0x00007eb2ef77265e:   82 b0 04 00 00 4c 89 c1 44 89 ce 48 8b 80 d8 00
0x00007eb2ef77266e:   00 00 ff e0 66 66 2e 0f 1f 84 00 00 00 00 00 0f
0x00007eb2ef77267e:   1f 00 55 40 0f b6 f6 53 48 89 fb 48 83 ec 08 48
0x00007eb2ef77268e:   8b af b0 04 00 00 e8 b7 ff ff ff ff 95 00 01 00
0x00007eb2ef77269e:   00 8b 10 89 53 28 48 83 c4 08 5b 5d c3 0f 1f 44
0x00007eb2ef7726ae:   00 00 41 57 41 56 49 89 fe bf 01 00 00 00 41 55
0x00007eb2ef7726be:   49 89 f5 41 54 55 53 48 83 ec 58 48 89 14 24 e8
0x00007eb2ef7726ce:   9e 49 ff ff 48 c7 44 24 18 00 00 00 00 83 b8 a0
0x00007eb2ef7726de:   04 00 00 03 4c 8b b8 b0 04 00 00 48 89 c3 44 8b
0x00007eb2ef7726ee:   60 38 0f 84 02 01 00 00 48 8d 4c 24 20 48 8d 70
0x00007eb2ef7726fe:   30 ba 01 00 00 00 48 89 cf 48 89 4c 24 08 e8 7f 



---------------  P R O C E S S  ---------------

VM state: at safepoint (shutting down)

VM Mutex/Monitor currently owned by a thread:  ([mutex/lock_event])
[0x00007eb3bc379e78] Threads_lock - owner thread: 0x00007eb3b417c010
[0x00007eb3bc379d78] Heap_lock - owner thread: 0x00007eb320009160

Heap address: 0x0000000714200000, size: 3774 MB, Compressed Oops mode: Zero based, Oop shift amount: 3

CDS archive(s) mapped at: [0x00007eb33a000000-0x00007eb33ac75000-0x00007eb33ac75000), size 13062144, SharedBaseAddress: 0x00007eb33a000000, ArchiveRelocationMode: 1.
Compressed class space mapped at: 0x00007eb33b000000-0x00007eb37b000000, reserved size: 1073741824
Narrow klass base: 0x00007eb33a000000, Narrow klass shift: 0, Narrow klass range: 0x100000000

GC Precious Log:
<Skipped>

Heap:
 garbage-first heap   total reserved 3864576K, committed 243712K, used 19212K [0x0000000714200000, 0x0000000800000000)
  region size 2048K, 10 young (20480K), 3 survivors (6144K)
 Metaspace       used 9763K, committed 10112K, reserved 1114112K
  class space    used 800K, committed 960K, reserved 1048576K

Heap Regions: E=young(eden), S=young(survivor), O=old, HS=humongous(starts), HC=humongous(continues), CS=collection set, F=free, TAMS=top-at-mark-start, PB=parsable bottom
|   0|0x0000000714200000, 0x0000000714200000, 0x0000000714400000|  0%| F|  |TAMS 0x0000000714200000| PB 0x0000000714200000| Untracked |  0
|   1|0x0000000714400000, 0x0000000714400000, 0x0000000714600000|  0%| F|  |TAMS 0x0000000714400000| PB 0x0000000714400000| Untracked |  0
|   2|0x0000000714600000, 0x0000000714600000, 0x0000000714800000|  0%| F|  |TAMS 0x0000000714600000| PB 0x0000000714600000| Untracked |  0
|   3|0x0000000714800000, 0x0000000714800000, 0x0000000714a00000|  0%| F|  |TAMS 0x0000000714800000| PB 0x0000000714800000| Untracked |  0
|   4|0x0000000714a00000, 0x0000000714a00000, 0x0000000714c00000|  0%| F|  |TAMS 0x0000000714a00000| PB 0x0000000714a00000| Untracked |  0
|   5|0x0000000714c00000, 0x0000000714c00000, 0x0000000714e00000|  0%| F|  |TAMS 0x0000000714c00000| PB 0x0000000714c00000| Untracked |  0
|   6|0x0000000714e00000, 0x0000000714e00000, 0x0000000715000000|  0%| F|  |TAMS 0x0000000714e00000| PB 0x0000000714e00000| Untracked |  0
|   7|0x0000000715000000, 0x0000000715000000, 0x0000000715200000|  0%| F|  |TAMS 0x0000000715000000| PB 0x0000000715000000| Untracked |  0
|   8|0x0000000715200000, 0x0000000715200000, 0x0000000715400000|  0%| F|  |TAMS 0x0000000715200000| PB 0x0000000715200000| Untracked |  0
|   9|0x0000000715400000, 0x0000000715400000, 0x0000000715600000|  0%| F|  |TAMS 0x0000000715400000| PB 0x0000000715400000| Untracked |  0
|  10|0x0000000715600000, 0x0000000715600000, 0x0000000715800000|  0%| F|  |TAMS 0x0000000715600000| PB 0x0000000715600000| Untracked |  0
|  11|0x0000000715800000, 0x0000000715800000, 0x0000000715a00000|  0%| F|  |TAMS 0x0000000715800000| PB 0x0000000715800000| Untracked |  0
|  12|0x0000000715a00000, 0x0000000715a00000, 0x0000000715c00000|  0%| F|  |TAMS 0x0000000715a00000| PB 0x0000000715a00000| Untracked |  0
|  13|0x0000000715c00000, 0x0000000715c00000, 0x0000000715e00000|  0%| F|  |TAMS 0x0000000715c00000| PB 0x0000000715c00000| Untracked |  0
|  14|0x0000000715e00000, 0x0000000715e00000, 0x0000000716000000|  0%| F|  |TAMS 0x0000000715e00000| PB 0x0000000715e00000| Untracked |  0
|  15|0x0000000716000000, 0x0000000716000000, 0x0000000716200000|  0%| F|  |TAMS 0x0000000716000000| PB 0x0000000716000000| Untracked |  0
|  16|0x0000000716200000, 0x0000000716200000, 0x0000000716400000|  0%| F|  |TAMS 0x0000000716200000| PB 0x0000000716200000| Untracked |  0
|  17|0x0000000716400000, 0x0000000716400000, 0x0000000716600000|  0%| F|  |TAMS 0x0000000716400000| PB 0x0000000716400000| Untracked |  0
|  18|0x0000000716600000, 0x0000000716600000, 0x0000000716800000|  0%| F|  |TAMS 0x0000000716600000| PB 0x0000000716600000| Untracked |  0
|  19|0x0000000716800000, 0x0000000716800000, 0x0000000716a00000|  0%| F|  |TAMS 0x0000000716800000| PB 0x0000000716800000| Untracked |  0
|  20|0x0000000716a00000, 0x0000000716a00000, 0x0000000716c00000|  0%| F|  |TAMS 0x0000000716a00000| PB 0x0000000716a00000| Untracked |  0
|  21|0x0000000716c00000, 0x0000000716c00000, 0x0000000716e00000|  0%| F|  |TAMS 0x0000000716c00000| PB 0x0000000716c00000| Untracked |  0
|  22|0x0000000716e00000, 0x0000000716e00000, 0x0000000717000000|  0%| F|  |TAMS 0x0000000716e00000| PB 0x0000000716e00000| Untracked |  0
|  23|0x0000000717000000, 0x0000000717000000, 0x0000000717200000|  0%| F|  |TAMS 0x0000000717000000| PB 0x0000000717000000| Untracked |  0
|  24|0x0000000717200000, 0x0000000717200000, 0x0000000717400000|  0%| F|  |TAMS 0x0000000717200000| PB 0x0000000717200000| Untracked |  0
|  25|0x0000000717400000, 0x0000000717400000, 0x0000000717600000|  0%| F|  |TAMS 0x0000000717400000| PB 0x0000000717400000| Untracked |  0
|  26|0x0000000717600000, 0x0000000717600000, 0x0000000717800000|  0%| F|  |TAMS 0x0000000717600000| PB 0x0000000717600000| Untracked |  0
|  27|0x0000000717800000, 0x0000000717800000, 0x0000000717a00000|  0%| F|  |TAMS 0x0000000717800000| PB 0x0000000717800000| Untracked |  0
|  28|0x0000000717a00000, 0x0000000717a00000, 0x0000000717c00000|  0%| F|  |TAMS 0x0000000717a00000| PB 0x0000000717a00000| Untracked |  0
|  29|0x0000000717c00000, 0x0000000717c00000, 0x0000000717e00000|  0%| F|  |TAMS 0x0000000717c00000| PB 0x0000000717c00000| Untracked |  0
|  30|0x0000000717e00000, 0x0000000717e00000, 0x0000000718000000|  0%| F|  |TAMS 0x0000000717e00000| PB 0x0000000717e00000| Untracked |  0
|  31|0x0000000718000000, 0x0000000718000000, 0x0000000718200000|  0%| F|  |TAMS 0x0000000718000000| PB 0x0000000718000000| Untracked |  0
|  32|0x0000000718200000, 0x0000000718200000, 0x0000000718400000|  0%| F|  |TAMS 0x0000000718200000| PB 0x0000000718200000| Untracked |  0
|  33|0x0000000718400000, 0x0000000718400000, 0x0000000718600000|  0%| F|  |TAMS 0x0000000718400000| PB 0x0000000718400000| Untracked |  0
|  34|0x0000000718600000, 0x0000000718600000, 0x0000000718800000|  0%| F|  |TAMS 0x0000000718600000| PB 0x0000000718600000| Untracked |  0
|  35|0x0000000718800000, 0x0000000718800000, 0x0000000718a00000|  0%| F|  |TAMS 0x0000000718800000| PB 0x0000000718800000| Untracked |  0
|  36|0x0000000718a00000, 0x0000000718a00000, 0x0000000718c00000|  0%| F|  |TAMS 0x0000000718a00000| PB 0x0000000718a00000| Untracked |  0
|  37|0x0000000718c00000, 0x0000000718c00000, 0x0000000718e00000|  0%| F|  |TAMS 0x0000000718c00000| PB 0x0000000718c00000| Untracked |  0
|  38|0x0000000718e00000, 0x0000000718e00000, 0x0000000719000000|  0%| F|  |TAMS 0x0000000718e00000| PB 0x0000000718e00000| Untracked |  0
|  39|0x0000000719000000, 0x0000000719000000, 0x0000000719200000|  0%| F|  |TAMS 0x0000000719000000| PB 0x0000000719000000| Untracked |  0
|  40|0x0000000719200000, 0x0000000719200000, 0x0000000719400000|  0%| F|  |TAMS 0x0000000719200000| PB 0x0000000719200000| Untracked |  0
|  41|0x0000000719400000, 0x0000000719400000, 0x0000000719600000|  0%| F|  |TAMS 0x0000000719400000| PB 0x0000000719400000| Untracked |  0
|  42|0x0000000719600000, 0x0000000719600000, 0x0000000719800000|  0%| F|  |TAMS 0x0000000719600000| PB 0x0000000719600000| Untracked |  0
|  43|0x0000000719800000, 0x0000000719800000, 0x0000000719a00000|  0%| F|  |TAMS 0x0000000719800000| PB 0x0000000719800000| Untracked |  0
|  44|0x0000000719a00000, 0x0000000719a00000, 0x0000000719c00000|  0%| F|  |TAMS 0x0000000719a00000| PB 0x0000000719a00000| Untracked |  0
|  45|0x0000000719c00000, 0x0000000719c00000, 0x0000000719e00000|  0%| F|  |TAMS 0x0000000719c00000| PB 0x0000000719c00000| Untracked |  0
|  46|0x0000000719e00000, 0x0000000719e00000, 0x000000071a000000|  0%| F|  |TAMS 0x0000000719e00000| PB 0x0000000719e00000| Untracked |  0
|  47|0x000000071a000000, 0x000000071a000000, 0x000000071a200000|  0%| F|  |TAMS 0x000000071a000000| PB 0x000000071a000000| Untracked |  0
|  48|0x000000071a200000, 0x000000071a200000, 0x000000071a400000|  0%| F|  |TAMS 0x000000071a200000| PB 0x000000071a200000| Untracked |  0
|  49|0x000000071a400000, 0x000000071a400000, 0x000000071a600000|  0%| F|  |TAMS 0x000000071a400000| PB 0x000000071a400000| Untracked |  0
|  50|0x000000071a600000, 0x000000071a600000, 0x000000071a800000|  0%| F|  |TAMS 0x000000071a600000| PB 0x000000071a600000| Untracked |  0
|  51|0x000000071a800000, 0x000000071a800000, 0x000000071aa00000|  0%| F|  |TAMS 0x000000071a800000| PB 0x000000071a800000| Untracked |  0
|  52|0x000000071aa00000, 0x000000071aa00000, 0x000000071ac00000|  0%| F|  |TAMS 0x000000071aa00000| PB 0x000000071aa00000| Untracked |  0
|  53|0x000000071ac00000, 0x000000071ac00000, 0x000000071ae00000|  0%| F|  |TAMS 0x000000071ac00000| PB 0x000000071ac00000| Untracked |  0
|  54|0x000000071ae00000, 0x000000071ae00000, 0x000000071b000000|  0%| F|  |TAMS 0x000000071ae00000| PB 0x000000071ae00000| Untracked |  0
|  55|0x000000071b000000, 0x000000071b000000, 0x000000071b200000|  0%| F|  |TAMS 0x000000071b000000| PB 0x000000071b000000| Untracked |  0
|  56|0x000000071b200000, 0x000000071b200000, 0x000000071b400000|  0%| F|  |TAMS 0x000000071b200000| PB 0x000000071b200000| Untracked |  0
|  57|0x000000071b400000, 0x000000071b400000, 0x000000071b600000|  0%| F|  |TAMS 0x000000071b400000| PB 0x000000071b400000| Untracked |  0
|  58|0x000000071b600000, 0x000000071b600000, 0x000000071b800000|  0%| F|  |TAMS 0x000000071b600000| PB 0x000000071b600000| Untracked |  0
|  59|0x000000071b800000, 0x000000071b800000, 0x000000071ba00000|  0%| F|  |TAMS 0x000000071b800000| PB 0x000000071b800000| Untracked |  0
|  60|0x000000071ba00000, 0x000000071ba00000, 0x000000071bc00000|  0%| F|  |TAMS 0x000000071ba00000| PB 0x000000071ba00000| Untracked |  0
|  61|0x000000071bc00000, 0x000000071bc00000, 0x000000071be00000|  0%| F|  |TAMS 0x000000071bc00000| PB 0x000000071bc00000| Untracked |  0
|  62|0x000000071be00000, 0x000000071be00000, 0x000000071c000000|  0%| F|  |TAMS 0x000000071be00000| PB 0x000000071be00000| Untracked |  0
|  63|0x000000071c000000, 0x000000071c000000, 0x000000071c200000|  0%| F|  |TAMS 0x000000071c000000| PB 0x000000071c000000| Untracked |  0
|  64|0x000000071c200000, 0x000000071c200000, 0x000000071c400000|  0%| F|  |TAMS 0x000000071c200000| PB 0x000000071c200000| Untracked |  0
|  65|0x000000071c400000, 0x000000071c400000, 0x000000071c600000|  0%| F|  |TAMS 0x000000071c400000| PB 0x000000071c400000| Untracked |  0
|  66|0x000000071c600000, 0x000000071c600000, 0x000000071c800000|  0%| F|  |TAMS 0x000000071c600000| PB 0x000000071c600000| Untracked |  0
|  67|0x000000071c800000, 0x000000071c800000, 0x000000071ca00000|  0%| F|  |TAMS 0x000000071c800000| PB 0x000000071c800000| Untracked |  0
|  68|0x000000071ca00000, 0x000000071ca00000, 0x000000071cc00000|  0%| F|  |TAMS 0x000000071ca00000| PB 0x000000071ca00000| Untracked |  0
|  69|0x000000071cc00000, 0x000000071cc00000, 0x000000071ce00000|  0%| F|  |TAMS 0x000000071cc00000| PB 0x000000071cc00000| Untracked |  0
|  70|0x000000071ce00000, 0x000000071ce00000, 0x000000071d000000|  0%| F|  |TAMS 0x000000071ce00000| PB 0x000000071ce00000| Untracked |  0
|  71|0x000000071d000000, 0x000000071d000000, 0x000000071d200000|  0%| F|  |TAMS 0x000000071d000000| PB 0x000000071d000000| Untracked |  0
|  72|0x000000071d200000, 0x000000071d200000, 0x000000071d400000|  0%| F|  |TAMS 0x000000071d200000| PB 0x000000071d200000| Untracked |  0
|  73|0x000000071d400000, 0x000000071d400000, 0x000000071d600000|  0%| F|  |TAMS 0x000000071d400000| PB 0x000000071d400000| Untracked |  0
|  74|0x000000071d600000, 0x000000071d600000, 0x000000071d800000|  0%| F|  |TAMS 0x000000071d600000| PB 0x000000071d600000| Untracked |  0
|  75|0x000000071d800000, 0x000000071d800000, 0x000000071da00000|  0%| F|  |TAMS 0x000000071d800000| PB 0x000000071d800000| Untracked |  0
|  76|0x000000071da00000, 0x000000071da00000, 0x000000071dc00000|  0%| F|  |TAMS 0x000000071da00000| PB 0x000000071da00000| Untracked |  0
|  77|0x000000071dc00000, 0x000000071dc00000, 0x000000071de00000|  0%| F|  |TAMS 0x000000071dc00000| PB 0x000000071dc00000| Untracked |  0
|  78|0x000000071de00000, 0x000000071de00000, 0x000000071e000000|  0%| F|  |TAMS 0x000000071de00000| PB 0x000000071de00000| Untracked |  0
|  79|0x000000071e000000, 0x000000071e000000, 0x000000071e200000|  0%| F|  |TAMS 0x000000071e000000| PB 0x000000071e000000| Untracked |  0
|  80|0x000000071e200000, 0x000000071e200000, 0x000000071e400000|  0%| F|  |TAMS 0x000000071e200000| PB 0x000000071e200000| Untracked |  0
|  81|0x000000071e400000, 0x000000071e400000, 0x000000071e600000|  0%| F|  |TAMS 0x000000071e400000| PB 0x000000071e400000| Untracked |  0
|  82|0x000000071e600000, 0x000000071e600000, 0x000000071e800000|  0%| F|  |TAMS 0x000000071e600000| PB 0x000000071e600000| Untracked |  0
|  83|0x000000071e800000, 0x000000071e800000, 0x000000071ea00000|  0%| F|  |TAMS 0x000000071e800000| PB 0x000000071e800000| Untracked |  0
|  84|0x000000071ea00000, 0x000000071ea00000, 0x000000071ec00000|  0%| F|  |TAMS 0x000000071ea00000| PB 0x000000071ea00000| Untracked |  0
|  85|0x000000071ec00000, 0x000000071ec00000, 0x000000071ee00000|  0%| F|  |TAMS 0x000000071ec00000| PB 0x000000071ec00000| Untracked |  0
|  86|0x000000071ee00000, 0x000000071ee00000, 0x000000071f000000|  0%| F|  |TAMS 0x000000071ee00000| PB 0x000000071ee00000| Untracked |  0
|  87|0x000000071f000000, 0x000000071f000000, 0x000000071f200000|  0%| F|  |TAMS 0x000000071f000000| PB 0x000000071f000000| Untracked |  0
|  88|0x000000071f200000, 0x000000071f200000, 0x000000071f400000|  0%| F|  |TAMS 0x000000071f200000| PB 0x000000071f200000| Untracked |  0
|  89|0x000000071f400000, 0x000000071f400000, 0x000000071f600000|  0%| F|  |TAMS 0x000000071f400000| PB 0x000000071f400000| Untracked |  0
|  90|0x000000071f600000, 0x000000071f600000, 0x000000071f800000|  0%| F|  |TAMS 0x000000071f600000| PB 0x000000071f600000| Untracked |  0
|  91|0x000000071f800000, 0x000000071f800000, 0x000000071fa00000|  0%| F|  |TAMS 0x000000071f800000| PB 0x000000071f800000| Untracked |  0
|  92|0x000000071fa00000, 0x000000071fa00000, 0x000000071fc00000|  0%| F|  |TAMS 0x000000071fa00000| PB 0x000000071fa00000| Untracked |  0
|  93|0x000000071fc00000, 0x000000071fc00000, 0x000000071fe00000|  0%| F|  |TAMS 0x000000071fc00000| PB 0x000000071fc00000| Untracked |  0
|  94|0x000000071fe00000, 0x000000071ffba9d8, 0x0000000720000000| 86%| S|CS|TAMS 0x000000071fe00000| PB 0x000000071fe00000| Complete |  0
|  95|0x0000000720000000, 0x0000000720200000, 0x0000000720200000|100%| S|CS|TAMS 0x0000000720000000| PB 0x0000000720000000| Complete |  0
|  96|0x0000000720200000, 0x0000000720400000, 0x0000000720400000|100%| S|CS|TAMS 0x0000000720200000| PB 0x0000000720200000| Complete |  0
|  97|0x0000000720400000, 0x0000000720400000, 0x0000000720600000|  0%| F|  |TAMS 0x0000000720400000| PB 0x0000000720400000| Untracked |  0
|  98|0x0000000720600000, 0x0000000720600000, 0x0000000720800000|  0%| F|  |TAMS 0x0000000720600000| PB 0x0000000720600000| Untracked |  0
|  99|0x0000000720800000, 0x0000000720800000, 0x0000000720a00000|  0%| F|  |TAMS 0x0000000720800000| PB 0x0000000720800000| Untracked |  0
| 100|0x0000000720a00000, 0x0000000720a00000, 0x0000000720c00000|  0%| F|  |TAMS 0x0000000720a00000| PB 0x0000000720a00000| Untracked |  0
| 101|0x0000000720c00000, 0x0000000720c00000, 0x0000000720e00000|  0%| F|  |TAMS 0x0000000720c00000| PB 0x0000000720c00000| Untracked |  0
| 102|0x0000000720e00000, 0x0000000720e00000, 0x0000000721000000|  0%| F|  |TAMS 0x0000000720e00000| PB 0x0000000720e00000| Untracked |  0
| 103|0x0000000721000000, 0x0000000721000000, 0x0000000721200000|  0%| F|  |TAMS 0x0000000721000000| PB 0x0000000721000000| Untracked |  0
| 104|0x0000000721200000, 0x0000000721200000, 0x0000000721400000|  0%| F|  |TAMS 0x0000000721200000| PB 0x0000000721200000| Untracked |  0
| 105|0x0000000721400000, 0x0000000721400000, 0x0000000721600000|  0%| F|  |TAMS 0x0000000721400000| PB 0x0000000721400000| Untracked |  0
| 106|0x0000000721600000, 0x0000000721600000, 0x0000000721800000|  0%| F|  |TAMS 0x0000000721600000| PB 0x0000000721600000| Untracked |  0
| 107|0x0000000721800000, 0x0000000721800000, 0x0000000721a00000|  0%| F|  |TAMS 0x0000000721800000| PB 0x0000000721800000| Untracked |  0
| 108|0x0000000721a00000, 0x0000000721a00000, 0x0000000721c00000|  0%| F|  |TAMS 0x0000000721a00000| PB 0x0000000721a00000| Untracked |  0
| 109|0x0000000721c00000, 0x0000000721c00000, 0x0000000721e00000|  0%| F|  |TAMS 0x0000000721c00000| PB 0x0000000721c00000| Untracked |  0
| 110|0x0000000721e00000, 0x0000000721e00000, 0x0000000722000000|  0%| F|  |TAMS 0x0000000721e00000| PB 0x0000000721e00000| Untracked |  0
| 111|0x0000000722000000, 0x0000000722163e48, 0x0000000722200000| 69%| E|  |TAMS 0x0000000722000000| PB 0x0000000722000000| Complete |  0
| 112|0x0000000722200000, 0x0000000722400000, 0x0000000722400000|100%| E|CS|TAMS 0x0000000722200000| PB 0x0000000722200000| Complete |  0
| 113|0x0000000722400000, 0x0000000722600000, 0x0000000722600000|100%| E|CS|TAMS 0x0000000722400000| PB 0x0000000722400000| Complete |  0
| 114|0x0000000722600000, 0x0000000722800000, 0x0000000722800000|100%| E|CS|TAMS 0x0000000722600000| PB 0x0000000722600000| Complete |  0
| 115|0x0000000722800000, 0x0000000722a00000, 0x0000000722a00000|100%| E|CS|TAMS 0x0000000722800000| PB 0x0000000722800000| Complete |  0
| 116|0x0000000722a00000, 0x0000000722c00000, 0x0000000722c00000|100%| E|CS|TAMS 0x0000000722a00000| PB 0x0000000722a00000| Complete |  0
| 117|0x0000000722c00000, 0x0000000722e00000, 0x0000000722e00000|100%| E|CS|TAMS 0x0000000722c00000| PB 0x0000000722c00000| Complete |  0
|1886|0x00000007ffe00000, 0x00000007fff08630, 0x0000000800000000| 51%| O|  |TAMS 0x00000007ffe00000| PB 0x00000007ffe00000| Untracked |  0

Card table byte_map: [0x00007eb3b8e56000,0x00007eb3b95b5000] _byte_map_base: 0x00007eb3b55b5000

Marking Bits: (CMBitMap*) 0x00007eb3b4093570
 Bits: [0x00007eb398d08000, 0x00007eb39c800000)

Polling page: 0x00007eb3bc6f7000

Metaspace:

Usage:
  Non-class:      8.75 MB used.
      Class:    800.60 KB used.
       Both:      9.53 MB used.

Virtual space:
  Non-class space:       64.00 MB reserved,       8.94 MB ( 14%) committed,  1 nodes.
      Class space:        1.00 GB reserved,     960.00 KB ( <1%) committed,  1 nodes.
             Both:        1.06 GB reserved,       9.88 MB ( <1%) committed. 

Chunk freelists:
   Non-Class:  5.28 MB
       Class:  15.04 MB
        Both:  20.32 MB

MaxMetaspaceSize: unlimited
CompressedClassSpaceSize: 1.00 GB
Initial GC threshold: 21.00 MB
Current GC threshold: 21.00 MB
CDS: on
 - commit_granule_bytes: 65536.
 - commit_granule_words: 8192.
 - virtual_space_node_default_size: 8388608.
 - enlarge_chunks_in_place: 1.
 - use_allocation_guard: 0.


Internal statistics:

num_allocs_failed_limit: 0.
num_arena_births: 284.
num_arena_deaths: 0.
num_vsnodes_births: 2.
num_vsnodes_deaths: 0.
num_space_committed: 157.
num_space_uncommitted: 0.
num_chunks_returned_to_freelist: 0.
num_chunks_taken_from_freelist: 657.
num_chunk_merges: 0.
num_chunk_splits: 417.
num_chunks_enlarged: 268.
num_inconsistent_stats: 0.

CodeHeap 'non-profiled nmethods': size=119168Kb used=1168Kb max_used=1168Kb free=118000Kb
 bounds [0x00007eb3a43a0000, 0x00007eb3a4610000, 0x00007eb3ab800000]
CodeHeap 'profiled nmethods': size=119164Kb used=3933Kb max_used=3933Kb free=115231Kb
 bounds [0x00007eb39c800000, 0x00007eb39cbe0000, 0x00007eb3a3c5f000]
CodeHeap 'non-nmethods': size=7428Kb used=2195Kb max_used=3884Kb free=5232Kb
 bounds [0x00007eb3a3c5f000, 0x00007eb3a403f000, 0x00007eb3a43a0000]
 total_blobs=3442 nmethods=2262 adapters=1085
 compilation: enabled
              stopped_count=0, restarted_count=0
 full_count=0

Compilation events (20 events):
Event: 22.099 Thread 0x00007eb3b4190c60 nmethod 2253 0x00007eb3a44aea90 code [0x00007eb3a44aeca0, 0x00007eb3a44af308]
Event: 22.100 Thread 0x00007eb31c04bd70 nmethod 2251 0x00007eb3a44afa10 code [0x00007eb3a44afc80, 0x00007eb3a44b0550]
Event: 23.025 Thread 0x00007eb31c04bd70 2254       4       com.dubulduke.reactivity.Graph::checkWritableInput (115 bytes)
Event: 23.026 Thread 0x00007eb31c04bd70 nmethod 2254 0x00007eb3a44b0f90 code [0x00007eb3a44b1120, 0x00007eb3a44b1220]
Event: 23.126 Thread 0x00007eb31c04bd70 2255       4       com.dubulduke.reactivity.Graph::setInput-ywwaKVo (99 bytes)
Event: 23.137 Thread 0x00007eb31c04bd70 nmethod 2255 0x00007eb3a44b1310 code [0x00007eb3a44b14e0, 0x00007eb3a44b1a48]
Event: 28.713 Thread 0x00007eb3b4190c60 2256       4       com.dubulduke.layout.AxisKt::endOf (155 bytes)
Event: 28.720 Thread 0x00007eb3b4190c60 nmethod 2256 0x00007eb3a44b1f90 code [0x00007eb3a44b2180, 0x00007eb3a44b2660]
Event: 34.616 Thread 0x00007eb3b4190c60 2257       4       java.util.HashMap::getNode (150 bytes)
Event: 34.624 Thread 0x00007eb3b4190c60 nmethod 2257 0x00007eb3a44b2c10 code [0x00007eb3a44b2dc0, 0x00007eb3a44b3108]
Event: 35.065 Thread 0x00007eb3b419a360 2258       1       com.mechanica.engine.compose.MechanicaStyle::setRadius (6 bytes)
Event: 35.065 Thread 0x00007eb3b419a360 nmethod 2258 0x00007eb3a44b3410 code [0x00007eb3a44b35a0, 0x00007eb3a44b3660]
Event: 43.853 Thread 0x00007eb3b4190c60 2259       4       com.cave.library.matrix.MatrixArrayTransforms$DefaultImpls::product (954 bytes)
Event: 43.902 Thread 0x00007eb3b4190c60 nmethod 2259 0x00007eb3a44b3710 code [0x00007eb3a44b3d40, 0x00007eb3a44b8128]
Event: 45.536 Thread 0x00007eb3b4190c60 2260       4       com.mechanica.engine.scenes.scenes.SceneHub::updateChildren$mechanica (410 bytes)
Event: 45.568 Thread 0x00007eb3b4190c60 nmethod 2260 0x00007eb3a44bd910 code [0x00007eb3a44bdce0, 0x00007eb3a44bfa98]
Event: 54.073 Thread 0x00007eb3b4190c60 2261       4       com.mechanica.engine.scenes.scenes.SceneHub::renderChildren$mechanica (302 bytes)
Event: 54.098 Thread 0x00007eb3b4190c60 nmethod 2261 0x00007eb3a44c1410 code [0x00007eb3a44c17c0, 0x00007eb3a44c2b78]
Event: 63.295 Thread 0x00007eb3b419a360 2262       3       jdk.internal.loader.BuiltinClassLoader::hasClassPath (13 bytes)
Event: 63.295 Thread 0x00007eb3b419a360 nmethod 2262 0x00007eb39cbd7090 code [0x00007eb39cbd7220, 0x00007eb39cbd7380]

GC Heap History (4 events):
Event: 0.647 GC heap before
{Heap before GC invocations=0 (full 0):
 garbage-first heap   total reserved 3864576K, committed 243712K, used 23585K [0x0000000714200000, 0x0000000800000000)
  region size 2048K, 12 young (24576K), 0 survivors (0K)
 Metaspace       used 8567K, committed 8832K, reserved 1114112K
  class space    used 714K, committed 832K, reserved 1048576K
}
Event: 0.650 GC heap after
{Heap after GC invocations=1 (full 0):
 garbage-first heap   total reserved 3864576K, committed 243712K, used 3687K [0x0000000714200000, 0x0000000800000000)
  region size 2048K, 2 young (4096K), 2 survivors (4096K)
 Metaspace       used 8567K, committed 8832K, reserved 1114112K
  class space    used 714K, committed 832K, reserved 1048576K
}
Event: 40.667 GC heap before
{Heap before GC invocations=1 (full 0):
 garbage-first heap   total reserved 3864576K, committed 243712K, used 42599K [0x0000000714200000, 0x0000000800000000)
  region size 2048K, 21 young (43008K), 2 survivors (4096K)
 Metaspace       used 9676K, committed 10048K, reserved 1114112K
  class space    used 788K, committed 960K, reserved 1048576K
}
Event: 40.672 GC heap after
{Heap after GC invocations=2 (full 0):
 garbage-first heap   total reserved 3864576K, committed 243712K, used 6924K [0x0000000714200000, 0x0000000800000000)
  region size 2048K, 3 young (6144K), 3 survivors (6144K)
 Metaspace       used 9676K, committed 10048K, reserved 1114112K
  class space    used 788K, committed 960K, reserved 1048576K
}

Dll operation events (9 events):
Event: 0.002 Loaded shared library /home/doghouse/.gradle/jdks/eclipse_adoptium-22-amd64-linux.2/lib/libjava.so
Event: 0.019 Loaded shared library /home/doghouse/.gradle/jdks/eclipse_adoptium-22-amd64-linux.2/lib/libjsvml.so
Event: 0.025 Loaded shared library /home/doghouse/.gradle/jdks/eclipse_adoptium-22-amd64-linux.2/lib/libnio.so
Event: 0.027 Loaded shared library /home/doghouse/.gradle/jdks/eclipse_adoptium-22-amd64-linux.2/lib/libzip.so
Event: 0.090 Loaded shared library /home/doghouse/.gradle/jdks/eclipse_adoptium-22-amd64-linux.2/lib/libjimage.so
Event: 0.093 Loaded shared library /home/doghouse/.gradle/jdks/eclipse_adoptium-22-amd64-linux.2/lib/libnet.so
Event: 0.098 Loaded shared library /tmp/lwjgl_doghouse/3.3.4+7/x64/liblwjgl.so
Event: 0.370 Loaded shared library /tmp/lwjgl_doghouse/3.3.4+7/x64/liblwjgl_opengl.so
Event: 0.583 Loaded shared library /tmp/lwjgl_doghouse/3.3.4+7/x64/liblwjgl_stb.so

Deoptimization events (20 events):
Event: 13.539 Thread 0x00007eb3b402cc60 Uncommon trap: trap_request=0xffffff45 fr.pc=0x00007eb3a4434b74 relative=0x0000000000000074
Event: 13.539 Thread 0x00007eb3b402cc60 Uncommon trap: reason=unstable_if action=reinterpret pc=0x00007eb3a4434b74 method=kotlin.SynchronizedLazyImpl.getValue()Ljava/lang/Object; @ 9 c2
Event: 13.539 Thread 0x00007eb3b402cc60 DEOPT PACKING pc=0x00007eb3a4434b74 sp=0x00007eb3bacf08e0
Event: 13.539 Thread 0x00007eb3b402cc60 DEOPT UNPACKING pc=0x00007eb3a3cb2f99 sp=0x00007eb3bacf0870 mode 2
Event: 15.305 Thread 0x00007eb3b402cc60 Uncommon trap: trap_request=0xffffffd6 fr.pc=0x00007eb3a44953b0 relative=0x0000000000002c90
Event: 15.305 Thread 0x00007eb3b402cc60 Uncommon trap: reason=array_check action=maybe_recompile pc=0x00007eb3a44953b0 method=com.mechanica.engine.shaders.models.TextModel.setAtlas(Lcom/mechanica/engine/shaders/models/Image;)V @ 6 c2
Event: 15.305 Thread 0x00007eb3b402cc60 DEOPT PACKING pc=0x00007eb3a44953b0 sp=0x00007eb3bacf0d10
Event: 15.305 Thread 0x00007eb3b402cc60 DEOPT UNPACKING pc=0x00007eb3a3cb2f99 sp=0x00007eb3bacf0978 mode 2
Event: 15.305 Thread 0x00007eb3b402cc60 Uncommon trap: trap_request=0xffffffd6 fr.pc=0x00007eb3a44953b0 relative=0x0000000000002c90
Event: 15.305 Thread 0x00007eb3b402cc60 Uncommon trap: reason=array_check action=maybe_recompile pc=0x00007eb3a44953b0 method=com.mechanica.engine.shaders.models.TextModel.setAtlas(Lcom/mechanica/engine/shaders/models/Image;)V @ 6 c2
Event: 15.305 Thread 0x00007eb3b402cc60 DEOPT PACKING pc=0x00007eb3a44953b0 sp=0x00007eb3bacf0d10
Event: 15.305 Thread 0x00007eb3b402cc60 DEOPT UNPACKING pc=0x00007eb3a3cb2f99 sp=0x00007eb3bacf0978 mode 2
Event: 15.305 Thread 0x00007eb3b402cc60 Uncommon trap: trap_request=0xffffffd6 fr.pc=0x00007eb3a44953b0 relative=0x0000000000002c90
Event: 15.305 Thread 0x00007eb3b402cc60 Uncommon trap: reason=array_check action=maybe_recompile pc=0x00007eb3a44953b0 method=com.mechanica.engine.shaders.models.TextModel.setAtlas(Lcom/mechanica/engine/shaders/models/Image;)V @ 6 c2
Event: 15.305 Thread 0x00007eb3b402cc60 DEOPT PACKING pc=0x00007eb3a44953b0 sp=0x00007eb3bacf0d10
Event: 15.305 Thread 0x00007eb3b402cc60 DEOPT UNPACKING pc=0x00007eb3a3cb2f99 sp=0x00007eb3bacf0978 mode 2
Event: 15.305 Thread 0x00007eb3b402cc60 Uncommon trap: trap_request=0xffffffd6 fr.pc=0x00007eb3a44953b0 relative=0x0000000000002c90
Event: 15.305 Thread 0x00007eb3b402cc60 Uncommon trap: reason=array_check action=maybe_recompile pc=0x00007eb3a44953b0 method=com.mechanica.engine.shaders.models.TextModel.setAtlas(Lcom/mechanica/engine/shaders/models/Image;)V @ 6 c2
Event: 15.305 Thread 0x00007eb3b402cc60 DEOPT PACKING pc=0x00007eb3a44953b0 sp=0x00007eb3bacf0d10
Event: 15.305 Thread 0x00007eb3b402cc60 DEOPT UNPACKING pc=0x00007eb3a3cb2f99 sp=0x00007eb3bacf0978 mode 2

Classes loaded (20 events):
Event: 63.296 Loading class jdk/internal/logger/AbstractLoggerWrapper
Event: 63.296 Loading class jdk/internal/logger/AbstractLoggerWrapper done
Event: 63.296 Loading class jdk/internal/logger/LazyLoggers$LazyLoggerWrapper done
Event: 63.296 Loading class jdk/internal/logger/LazyLoggers$JdkLazyLogger done
Event: 63.296 Loading class jdk/internal/logger/LazyLoggers$LazyLoggerAccessor
Event: 63.296 Loading class jdk/internal/logger/LazyLoggers$LoggerAccessor
Event: 63.297 Loading class jdk/internal/logger/LazyLoggers$LoggerAccessor done
Event: 63.297 Loading class jdk/internal/logger/LazyLoggers$LazyLoggerAccessor done
Event: 63.297 Loading class java/lang/System$Logger$Level
Event: 63.297 Loading class java/lang/System$Logger$Level done
Event: 63.297 Loading class jdk/internal/logger/SurrogateLogger
Event: 63.297 Loading class jdk/internal/logger/SimpleConsoleLogger
Event: 63.298 Loading class sun/util/logging/PlatformLogger$ConfigurableBridge$LoggerConfiguration
Event: 63.298 Loading class sun/util/logging/PlatformLogger$ConfigurableBridge$LoggerConfiguration done
Event: 63.298 Loading class jdk/internal/logger/SimpleConsoleLogger done
Event: 63.298 Loading class jdk/internal/logger/SurrogateLogger done
Event: 63.299 Loading class sun/util/logging/PlatformLogger
Event: 63.299 Loading class sun/util/logging/PlatformLogger done
Event: 63.299 Loading class sun/util/logging/PlatformLogger$Level
Event: 63.299 Loading class sun/util/logging/PlatformLogger$Level done

Classes unloaded (0 events):
No events

Classes redefined (0 events):
No events

Internal exceptions (20 events):
Event: 0.246 Thread 0x00007eb3b402cc60 Exception <a 'java/lang/NoSuchMethodError'{0x0000000722219ff8}: 'int java.lang.invoke.Invokers$Holder.invokeExact_MT(java.lang.Object, java.lang.Object)'> (0x0000000722219ff8) 
thrown [src/hotspot/share/interpreter/linkResolver.cpp, line 773]
Event: 0.360 Thread 0x00007eb3b402cc60 Exception <a 'java/lang/NoSuchMethodError'{0x00000007222938b8}: 'void java.lang.invoke.DirectMethodHandle$Holder.invokeStatic(java.lang.Object, java.lang.Object, long)'> (0x00000007222938b8) 
thrown [src/hotspot/share/interpreter/linkResolver.cpp, line 773]
Event: 0.367 Thread 0x00007eb3b402cc60 Exception <a 'java/lang/NoSuchMethodError'{0x000000072230df38}: 'void java.lang.System.load(java.lang.String, java.lang.Class)'> (0x000000072230df38) 
thrown [src/hotspot/share/interpreter/linkResolver.cpp, line 773]
Event: 0.368 Thread 0x00007eb3b402cc60 Exception <a 'java/lang/NoSuchMethodError'{0x0000000722310988}: 'void java.lang.System.loadLibrary(java.lang.String, java.lang.Class)'> (0x0000000722310988) 
thrown [src/hotspot/share/interpreter/linkResolver.cpp, line 773]
Event: 0.370 Thread 0x00007eb3b402cc60 Exception <a 'sun/nio/fs/UnixException'{0x000000072231f058}> (0x000000072231f058) 
thrown [src/hotspot/share/prims/jni.cpp, line 520]
Event: 0.371 Thread 0x00007eb3b402cc60 Exception <a 'sun/nio/fs/UnixException'{0x0000000722327ce0}> (0x0000000722327ce0) 
thrown [src/hotspot/share/prims/jni.cpp, line 520]
Event: 0.478 Thread 0x00007eb3b402cc60 Exception <a 'sun/nio/fs/UnixException'{0x0000000721e515d8}> (0x0000000721e515d8) 
thrown [src/hotspot/share/prims/jni.cpp, line 520]
Event: 0.498 Thread 0x00007eb3b402cc60 Exception <a 'java/lang/NoSuchMethodError'{0x0000000721e7cd48}: 'java.lang.Object java.lang.invoke.DirectMethodHandle$Holder.newInvokeSpecial(java.lang.Object, long)'> (0x0000000721e7cd48) 
thrown [src/hotspot/share/interpreter/linkResolver.cpp, line 773]
Event: 0.507 Thread 0x00007eb3b402cc60 Exception <a 'java/lang/NoSuchMethodError'{0x0000000721f50d80}: 'double java.lang.invoke.DirectMethodHandle$Holder.invokeStatic(java.lang.Object, double)'> (0x0000000721f50d80) 
thrown [src/hotspot/share/interpreter/linkResolver.cpp, line 773]
Event: 0.507 Thread 0x00007eb3b402cc60 Exception <a 'java/lang/NoSuchMethodError'{0x0000000721f56a00}: 'java.lang.Object java.lang.invoke.DirectMethodHandle$Holder.newInvokeSpecial(java.lang.Object, double)'> (0x0000000721f56a00) 
thrown [src/hotspot/share/interpreter/linkResolver.cpp, line 773]
Event: 0.508 Thread 0x00007eb3b402cc60 Exception <a 'java/lang/NoSuchMethodError'{0x0000000721f5f7b8}: 'double java.lang.invoke.DirectMethodHandle$Holder.invokeStatic(java.lang.Object, java.lang.Object)'> (0x0000000721f5f7b8) 
thrown [src/hotspot/share/interpreter/linkResolver.cpp, line 773]
Event: 0.566 Thread 0x00007eb3b402cc60 Exception <a 'java/lang/NoSuchMethodError'{0x0000000721a6e710}: 'void java.lang.invoke.DirectMethodHandle$Holder.invokeStaticInit(java.lang.Object, java.lang.Object)'> (0x0000000721a6e710) 
thrown [src/hotspot/share/interpreter/linkResolver.cpp, line 773]
Event: 0.579 Thread 0x00007eb3b402cc60 Exception <a 'java/lang/NoSuchMethodError'{0x0000000721b808e8}: 'void java.lang.System.load(java.lang.String, java.lang.Class)'> (0x0000000721b808e8) 
thrown [src/hotspot/share/interpreter/linkResolver.cpp, line 773]
Event: 0.579 Thread 0x00007eb3b402cc60 Exception <a 'java/lang/NoSuchMethodError'{0x0000000721b835e8}: 'void java.lang.System.loadLibrary(java.lang.String, java.lang.Class)'> (0x0000000721b835e8) 
thrown [src/hotspot/share/interpreter/linkResolver.cpp, line 773]
Event: 0.583 Thread 0x00007eb3b402cc60 Exception <a 'sun/nio/fs/UnixException'{0x0000000721b91f90}> (0x0000000721b91f90) 
thrown [src/hotspot/share/prims/jni.cpp, line 520]
Event: 0.607 Thread 0x00007eb3b402cc60 Exception <a 'java/lang/NoSuchMethodError'{0x00000007218bd848}: 'java.lang.Object java.lang.invoke.DirectMethodHandle$Holder.newInvokeSpecial(java.lang.Object, java.lang.Object, int, java.lang.Object, java.lang.Object)'> (0x00000007218bd848) 
thrown [src/hotspot/share/interpreter/linkResolver.cpp, line 773]
Event: 0.607 Thread 0x00007eb3b402cc60 Exception <a 'java/lang/NoSuchMethodError'{0x00000007218c8860}: 'java.lang.Object java.lang.invoke.DirectMethodHandle$Holder.invokeStatic(java.lang.Object, java.lang.Object, int, java.lang.Object)'> (0x00000007218c8860) 
thrown [src/hotspot/share/interpreter/linkResolver.cpp, line 773]
Event: 0.609 Thread 0x00007eb3b402cc60 Exception <a 'java/lang/NoSuchMethodError'{0x00000007218ee908}: 'java.lang.Object java.lang.invoke.DirectMethodHandle$Holder.newInvokeSpecial(java.lang.Object, int, java.lang.Object, java.lang.Object, java.lang.Object)'> (0x00000007218ee908) 
thrown [src/hotspot/share/interpreter/linkResolver.cpp, line 773]
Event: 0.609 Thread 0x00007eb3b402cc60 Exception <a 'java/lang/NoSuchMethodError'{0x00000007218f28b8}: 'java.lang.Object java.lang.invoke.DirectMethodHandle$Holder.invokeSpecial(java.lang.Object, java.lang.Object, int, java.lang.Object, java.lang.Object, java.lang.Object)'> (0x00000007218f28b8) 
thrown [src/hotspot/share/interpreter/linkResolver.cpp, line 773]
Event: 0.612 Thread 0x00007eb3b402cc60 Exception <a 'java/lang/NoSuchMethodError'{0x0000000721934c60}: 'java.lang.Object java.lang.invoke.DirectMethodHandle$Holder.newInvokeSpecial(java.lang.Object, java.lang.Object, java.lang.Object, java.lang.Object, java.lang.Object, java.lang.Object, java.lang.Object, java.lang.Object, java.lang.Object)'> (0x0000000721934c60) 
thrown [src/hotspot/share/interpreter/linkResolver.cpp, line 773]

ZGC Phase Switch (0 events):
No events

VM Operations (20 events):
Event: 3.668 Executing VM operation: Cleanup done
Event: 4.668 Executing VM operation: Cleanup
Event: 4.668 Executing VM operation: Cleanup done
Event: 5.668 Executing VM operation: Cleanup
Event: 5.668 Executing VM operation: Cleanup done
Event: 6.669 Executing VM operation: Cleanup
Event: 6.669 Executing VM operation: Cleanup done
Event: 7.669 Executing VM operation: Cleanup
Event: 7.669 Executing VM operation: Cleanup done
Event: 13.670 Executing VM operation: Cleanup
Event: 13.670 Executing VM operation: Cleanup done
Event: 40.667 Executing VM operation: G1CollectForAllocation (G1 Evacuation Pause)
Event: 40.672 Executing VM operation: G1CollectForAllocation (G1 Evacuation Pause) done
Event: 41.672 Executing VM operation: Cleanup
Event: 41.673 Executing VM operation: Cleanup done
Event: 60.043 Executing VM operation: HandshakeAllThreads (HandshakeForDeflation)
Event: 60.044 Executing VM operation: HandshakeAllThreads (HandshakeForDeflation) done
Event: 60.044 Executing VM operation: RendezvousGCThreads
Event: 60.044 Executing VM operation: RendezvousGCThreads done
Event: 63.300 Executing VM operation: Exit

Memory protections (20 events):
Event: 0.017 Protecting memory [0x00007eb398502000,0x00007eb398506000] with protection modes 0
Event: 0.017 Protecting memory [0x00007eb398402000,0x00007eb398406000] with protection modes 0
Event: 0.017 Protecting memory [0x00007eb398302000,0x00007eb398306000] with protection modes 0
Event: 0.018 Protecting memory [0x00007eb398202000,0x00007eb398206000] with protection modes 0
Event: 0.018 Protecting memory [0x00007eb398102000,0x00007eb398106000] with protection modes 0
Event: 0.018 Protecting memory [0x00007eb398002000,0x00007eb398006000] with protection modes 0
Event: 0.023 Protecting memory [0x00007eb389830000,0x00007eb389834000] with protection modes 0
Event: 0.024 Protecting memory [0x00007eb389730000,0x00007eb389734000] with protection modes 0
Event: 0.028 Protecting memory [0x00007eb389630000,0x00007eb389634000] with protection modes 0
Event: 0.028 Protecting memory [0x00007eb389530000,0x00007eb389534000] with protection modes 0
Event: 0.117 Protecting memory [0x00007eb389430000,0x00007eb389434000] with protection modes 0
Event: 0.634 Protecting memory [0x00007eb3341fc000,0x00007eb3341fd000] with protection modes 1
Event: 2.942 Protecting memory [0x00007eb389430000,0x00007eb389434000] with protection modes 0
Event: 5.325 Protecting memory [0x00007eb389630000,0x00007eb389634000] with protection modes 0
Event: 6.244 Protecting memory [0x00007eb389630000,0x00007eb389634000] with protection modes 0
Event: 7.071 Protecting memory [0x00007eb389630000,0x00007eb389634000] with protection modes 0
Event: 7.071 Protecting memory [0x00007eb389530000,0x00007eb389534000] with protection modes 0
Event: 7.071 Protecting memory [0x00007eb389430000,0x00007eb389434000] with protection modes 0
Event: 22.089 Protecting memory [0x00007eb389630000,0x00007eb389634000] with protection modes 0
Event: 63.293 Protecting memory [0x00007eb389630000,0x00007eb389634000] with protection modes 0

Nmethod flushes (0 events):
No events

Events (20 events):
Event: 0.117 Thread 0x00007eb3b419a360 Thread added: 0x00007eb31018eb10
Event: 0.244 Thread 0x00007eb31018eb10 Thread exited: 0x00007eb31018eb10
Event: 2.942 Thread 0x00007eb3b4190c60 Thread added: 0x00007eb31c233ba0
Event: 3.434 Thread 0x00007eb31c233ba0 Thread exited: 0x00007eb31c233ba0
Event: 4.254 Thread 0x00007eb3100150d0 Thread exited: 0x00007eb3100150d0
Event: 4.254 Thread 0x00007eb310013ea0 Thread exited: 0x00007eb310013ea0
Event: 5.325 Thread 0x00007eb3b4190c60 Thread added: 0x00007eb31c04d310
Event: 5.652 Thread 0x00007eb31c04d310 Thread exited: 0x00007eb31c04d310
Event: 6.244 Thread 0x00007eb3b4190c60 Thread added: 0x00007eb31c205aa0
Event: 6.404 Thread 0x00007eb31c205aa0 Thread exited: 0x00007eb31c205aa0
Event: 7.070 Thread 0x00007eb3b419a360 Thread added: 0x00007eb310017130
Event: 7.071 Thread 0x00007eb3b419a360 Thread added: 0x00007eb310017d70
Event: 7.071 Thread 0x00007eb3b419a360 Thread added: 0x00007eb310018ad0
Event: 8.088 Thread 0x00007eb310018ad0 Thread exited: 0x00007eb310018ad0
Event: 8.088 Thread 0x00007eb310017d70 Thread exited: 0x00007eb310017d70
Event: 8.104 Thread 0x00007eb310017130 Thread exited: 0x00007eb310017130
Event: 22.088 Thread 0x00007eb3b4190c60 Thread added: 0x00007eb31c04bd70
Event: 28.137 Thread 0x00007eb31c04bd70 Thread exited: 0x00007eb31c04bd70
Event: 63.292 Thread 0x00007eb3b418c4e0 Thread added: 0x00007eb320009160
Event: 63.300 Thread 0x00007eb320009160 Before exit entered


Dynamic libraries:
714200000-722e00000 rw-p 00000000 00:00 0 
722e00000-7ffe00000 ---p 00000000 00:00 0 
7ffe00000-7fff09000 rw-p 00cb4000 103:02 25711999                        /home/doghouse/.gradle/jdks/eclipse_adoptium-22-amd64-linux.2/lib/server/classes.jsa
7fff09000-800000000 rw-p 00000000 00:00 0 
593c4b9db000-593c4b9dc000 r-xp 00000000 103:02 26099497                  /home/doghouse/.gradle/jdks/eclipse_adoptium-22-amd64-linux.2/bin/java
593c4b9dd000-593c4b9de000 r--p 00001000 103:02 26099497                  /home/doghouse/.gradle/jdks/eclipse_adoptium-22-amd64-linux.2/bin/java
593c4b9de000-593c4b9df000 rw-p 00002000 103:02 26099497                  /home/doghouse/.gradle/jdks/eclipse_adoptium-22-amd64-linux.2/bin/java
593c53e91000-593c53ed9000 rw-p 00000000 00:00 0                          [heap]
7eb29c000000-7eb29c021000 rw-p 00000000 00:00 0 
7eb29c021000-7eb2a0000000 ---p 00000000 00:00 0 
7eb2a0000000-7eb2a0024000 rw-p 00000000 00:00 0 
7eb2a0024000-7eb2a4000000 ---p 00000000 00:00 0 
7eb2a4000000-7eb2a4021000 rw-p 00000000 00:00 0 
7eb2a4021000-7eb2a8000000 ---p 00000000 00:00 0 
7eb2a8000000-7eb2a8021000 rw-p 00000000 00:00 0 
7eb2a8021000-7eb2ac000000 ---p 00000000 00:00 0 
7eb2ac000000-7eb2ac021000 rw-p 00000000 00:00 0 
7eb2ac021000-7eb2b0000000 ---p 00000000 00:00 0 
7eb2b0000000-7eb2b0021000 rw-p 00000000 00:00 0 
7eb2b0021000-7eb2b4000000 ---p 00000000 00:00 0 
7eb2b4000000-7eb2b4087000 rw-p 00000000 00:00 0 
7eb2b4087000-7eb2b8000000 ---p 00000000 00:00 0 
7eb2b8000000-7eb2b8021000 rw-p 00000000 00:00 0 
7eb2b8021000-7eb2bc000000 ---p 00000000 00:00 0 
7eb2bc000000-7eb2bc022000 rw-p 00000000 00:00 0 
7eb2bc022000-7eb2c0000000 ---p 00000000 00:00 0 
7eb2c0000000-7eb2c0021000 rw-p 00000000 00:00 0 
7eb2c0021000-7eb2c4000000 ---p 00000000 00:00 0 
7eb2c4000000-7eb2c4021000 rw-p 00000000 00:00 0 
7eb2c4021000-7eb2c8000000 ---p 00000000 00:00 0 
7eb2c85f5000-7eb2c87f5000 rw-s 1081aa000 00:10 2075                      anon_inode:i915.gem
7eb2c87f5000-7eb2c8dfb000 rw-p 00000000 00:00 0 
7eb2c8ffb000-7eb2c91fb000 rw-s 10a786000 00:10 2075                      anon_inode:i915.gem
7eb2c91fb000-7eb2cb1ff000 rw-p 00000000 00:00 0 
7eb2cba00000-7eb2cbaae000 r--p 00000000 103:02 3156007                   /usr/lib/x86_64-linux-gnu/librsvg-2.so.2.60.0
7eb2cbaae000-7eb2cbdac000 r-xp 000ae000 103:02 3156007                   /usr/lib/x86_64-linux-gnu/librsvg-2.so.2.60.0
7eb2cbdac000-7eb2cbede000 r--p 003ac000 103:02 3156007                   /usr/lib/x86_64-linux-gnu/librsvg-2.so.2.60.0
7eb2cbede000-7eb2cbf73000 r--p 004dd000 103:02 3156007                   /usr/lib/x86_64-linux-gnu/librsvg-2.so.2.60.0
7eb2cbf73000-7eb2cbf74000 rw-p 00572000 103:02 3156007                   /usr/lib/x86_64-linux-gnu/librsvg-2.so.2.60.0
7eb2cbf80000-7eb2cc000000 rw-s 1052a3000 00:10 2075                      anon_inode:i915.gem
7eb2cc000000-7eb2cc021000 rw-p 00000000 00:00 0 
7eb2cc021000-7eb2d0000000 ---p 00000000 00:00 0 
7eb2d0068000-7eb2d00a8000 rw-s 106103000 00:10 2075                      anon_inode:i915.gem
7eb2d00a8000-7eb2d00e8000 rw-s 10389e000 00:10 2075                      anon_inode:i915.gem
7eb2d00e8000-7eb2d0128000 rw-s 10a9c6000 00:10 2075                      anon_inode:i915.gem
7eb2d0138000-7eb2d0148000 rw-s 1037db000 00:10 2075                      anon_inode:i915.gem
7eb2d0168000-7eb2d0170000 r--p 00000000 00:31 56998                      /tmp/lwjgl_doghouse/3.3.4+7/x64/liblwjgl_stb.so
7eb2d0170000-7eb2d01e7000 r-xp 00008000 00:31 56998                      /tmp/lwjgl_doghouse/3.3.4+7/x64/liblwjgl_stb.so
7eb2d01e7000-7eb2d01f5000 r--p 0007f000 00:31 56998                      /tmp/lwjgl_doghouse/3.3.4+7/x64/liblwjgl_stb.so
7eb2d01f5000-7eb2d01f6000 r--p 0008c000 00:31 56998                      /tmp/lwjgl_doghouse/3.3.4+7/x64/liblwjgl_stb.so
7eb2d01f6000-7eb2d01f7000 rw-p 0008d000 00:31 56998                      /tmp/lwjgl_doghouse/3.3.4+7/x64/liblwjgl_stb.so
7eb2d01f7000-7eb2d0202000 r--p 00000000 103:02 3165909                   /usr/lib/x86_64-linux-gnu/spa-0.2/audioconvert/libspa-audioconvert.so
7eb2d0202000-7eb2d0258000 r-xp 0000b000 103:02 3165909                   /usr/lib/x86_64-linux-gnu/spa-0.2/audioconvert/libspa-audioconvert.so
7eb2d0258000-7eb2d02c3000 r--p 00061000 103:02 3165909                   /usr/lib/x86_64-linux-gnu/spa-0.2/audioconvert/libspa-audioconvert.so
7eb2d02c3000-7eb2d02ca000 r--p 000cc000 103:02 3165909                   /usr/lib/x86_64-linux-gnu/spa-0.2/audioconvert/libspa-audioconvert.so
7eb2d02ca000-7eb2d02cd000 rw-p 000d3000 103:02 3165909                   /usr/lib/x86_64-linux-gnu/spa-0.2/audioconvert/libspa-audioconvert.so
7eb2d02cd000-7eb2d0380000 r--p 00000000 103:02 7340097                   /usr/share/icons/breeze/icon-theme.cache
7eb2d0380000-7eb2d042f000 r--p 00000000 103:02 3539430                   /usr/share/icons/breeze-dark/icon-theme.cache
7eb2d042f000-7eb2d04ad000 r--p 00000000 103:02 3175146                   /usr/share/fonts/truetype/noto/NotoSans-Regular.ttf
7eb2d04ae000-7eb2d04ce000 rw-s 102cb5000 00:10 2075                      anon_inode:i915.gem
7eb2d04ee000-7eb2d04f7000 rw-s 00008000 00:01 6534                       /memfd:pipewire-memfd:flags=0x0000000f,type=2,size=65664 (deleted)
7eb2d04f7000-7eb2d0500000 rw-s 00000000 00:01 6534                       /memfd:pipewire-memfd:flags=0x0000000f,type=2,size=65664 (deleted)
7eb2d0500000-7eb2d0509000 rw-s 00008000 00:01 6533                       /memfd:pipewire-memfd:flags=0x0000000f,type=2,size=65664 (deleted)
7eb2d0509000-7eb2d050d000 r--p 00000000 103:02 3165952                   /usr/lib/x86_64-linux-gnu/pipewire-0.3/libpipewire-module-session-manager.so
7eb2d050d000-7eb2d052a000 r-xp 00004000 103:02 3165952                   /usr/lib/x86_64-linux-gnu/pipewire-0.3/libpipewire-module-session-manager.so
7eb2d052a000-7eb2d0531000 r--p 00021000 103:02 3165952                   /usr/lib/x86_64-linux-gnu/pipewire-0.3/libpipewire-module-session-manager.so
7eb2d0531000-7eb2d0533000 r--p 00028000 103:02 3165952                   /usr/lib/x86_64-linux-gnu/pipewire-0.3/libpipewire-module-session-manager.so
7eb2d0533000-7eb2d0534000 rw-p 0002a000 103:02 3165952                   /usr/lib/x86_64-linux-gnu/pipewire-0.3/libpipewire-module-session-manager.so
7eb2d0534000-7eb2d0548000 r--p 00000000 103:02 3165938                   /usr/lib/x86_64-linux-gnu/pipewire-0.3/libpipewire-module-protocol-native.so
7eb2d0548000-7eb2d056a000 r-xp 00014000 103:02 3165938                   /usr/lib/x86_64-linux-gnu/pipewire-0.3/libpipewire-module-protocol-native.so
7eb2d056a000-7eb2d0578000 r--p 00036000 103:02 3165938                   /usr/lib/x86_64-linux-gnu/pipewire-0.3/libpipewire-module-protocol-native.so
7eb2d0578000-7eb2d0588000 r--p 00044000 103:02 3165938                   /usr/lib/x86_64-linux-gnu/pipewire-0.3/libpipewire-module-protocol-native.so
7eb2d0588000-7eb2d0589000 rw-p 00054000 103:02 3165938                   /usr/lib/x86_64-linux-gnu/pipewire-0.3/libpipewire-module-protocol-native.so
7eb2d0d8a000-7eb2d0dad000 r--p 00000000 103:02 3146264                   /usr/lib/x86_64-linux-gnu/libpipewire-0.3.so.0.1407.0
7eb2d0dad000-7eb2d0e26000 r-xp 00023000 103:02 3146264                   /usr/lib/x86_64-linux-gnu/libpipewire-0.3.so.0.1407.0
7eb2d0e26000-7eb2d0e4a000 r--p 0009c000 103:02 3146264                   /usr/lib/x86_64-linux-gnu/libpipewire-0.3.so.0.1407.0
7eb2d0e4a000-7eb2d0e63000 r--p 000bf000 103:02 3146264                   /usr/lib/x86_64-linux-gnu/libpipewire-0.3.so.0.1407.0
7eb2d0e63000-7eb2d0e64000 rw-p 000d8000 103:02 3146264                   /usr/lib/x86_64-linux-gnu/libpipewire-0.3.so.0.1407.0
7eb2d0e64000-7eb2d0e65000 rw-p 00000000 00:00 0 
7eb2d0e65000-7eb2d0e78000 r--p 00000000 00:31 56997                      /tmp/lwjgl_doghouse/3.3.4+7/x64/libopenal.so
7eb2d0e78000-7eb2d0f18000 r-xp 00013000 00:31 56997                      /tmp/lwjgl_doghouse/3.3.4+7/x64/libopenal.so
7eb2d0f18000-7eb2d0f7a000 r--p 000b3000 00:31 56997                      /tmp/lwjgl_doghouse/3.3.4+7/x64/libopenal.so
7eb2d0f7a000-7eb2d0f7b000 ---p 00115000 00:31 56997                      /tmp/lwjgl_doghouse/3.3.4+7/x64/libopenal.so
7eb2d0f7b000-7eb2d0f80000 r--p 00115000 00:31 56997                      /tmp/lwjgl_doghouse/3.3.4+7/x64/libopenal.so
7eb2d0f80000-7eb2d0f81000 rw-p 0011a000 00:31 56997                      /tmp/lwjgl_doghouse/3.3.4+7/x64/libopenal.so
7eb2d0f81000-7eb2d0ffc000 rw-p 00000000 00:00 0 
7eb2d0ffc000-7eb2d3000000 rw-p 00000000 00:00 0 
7eb2d3000000-7eb2db1ff000 r-xp 00000000 103:02 3146734                   /usr/lib/x86_64-linux-gnu/libLLVM.so.20.1
7eb2db1ff000-7eb2db200000 ---p 081ff000 103:02 3146734                   /usr/lib/x86_64-linux-gnu/libLLVM.so.20.1
7eb2db200000-7eb2db89d000 r--p 081ff000 103:02 3146734                   /usr/lib/x86_64-linux-gnu/libLLVM.so.20.1
7eb2db89d000-7eb2db8e5000 rw-p 0889c000 103:02 3146734                   /usr/lib/x86_64-linux-gnu/libLLVM.so.20.1
7eb2db8e5000-7eb2db98d000 rw-p 00000000 00:00 0 
7eb2db98f000-7eb2db998000 rw-s 00000000 00:01 6533                       /memfd:pipewire-memfd:flags=0x0000000f,type=2,size=65664 (deleted)
7eb2db998000-7eb2db99d000 r--p 00000000 103:02 3148999                   /usr/lib/x86_64-linux-gnu/pipewire-0.3/libpipewire-module-client-node.so
7eb2db99d000-7eb2db9c1000 r-xp 00005000 103:02 3148999                   /usr/lib/x86_64-linux-gnu/pipewire-0.3/libpipewire-module-client-node.so
7eb2db9c1000-7eb2db9c9000 r--p 00029000 103:02 3148999                   /usr/lib/x86_64-linux-gnu/pipewire-0.3/libpipewire-module-client-node.so
7eb2db9c9000-7eb2db9cb000 r--p 00031000 103:02 3148999                   /usr/lib/x86_64-linux-gnu/pipewire-0.3/libpipewire-module-client-node.so
7eb2db9cb000-7eb2db9cc000 rw-p 00033000 103:02 3148999                   /usr/lib/x86_64-linux-gnu/pipewire-0.3/libpipewire-module-client-node.so
7eb2db9cc000-7eb2db9cf000 r--p 00000000 103:02 3146333                   /usr/lib/x86_64-linux-gnu/libGLX.so.0.0.0
7eb2db9cf000-7eb2db9ea000 r-xp 00003000 103:02 3146333                   /usr/lib/x86_64-linux-gnu/libGLX.so.0.0.0
7eb2db9ea000-7eb2db9ee000 r--p 0001e000 103:02 3146333                   /usr/lib/x86_64-linux-gnu/libGLX.so.0.0.0
7eb2db9ee000-7eb2db9ef000 r--p 00022000 103:02 3146333                   /usr/lib/x86_64-linux-gnu/libGLX.so.0.0.0
7eb2db9ef000-7eb2db9f0000 rw-p 00023000 103:02 3146333                   /usr/lib/x86_64-linux-gnu/libGLX.so.0.0.0
7eb2db9f0000-7eb2dba00000 rw-p 00000000 00:00 0 
7eb2dba00000-7eb2dbcab000 r--p 00000000 103:02 3157633                   /usr/lib/x86_64-linux-gnu/libnvidia-gpucomp.so.580.159.03
7eb2dbcab000-7eb2ded99000 r-xp 002ab000 103:02 3157633                   /usr/lib/x86_64-linux-gnu/libnvidia-gpucomp.so.580.159.03
7eb2ded99000-7eb2dfc09000 r--p 03399000 103:02 3157633                   /usr/lib/x86_64-linux-gnu/libnvidia-gpucomp.so.580.159.03
7eb2dfc09000-7eb2dfc0a000 ---p 04209000 103:02 3157633                   /usr/lib/x86_64-linux-gnu/libnvidia-gpucomp.so.580.159.03
7eb2dfc0a000-7eb2dfde1000 r--p 04209000 103:02 3157633                   /usr/lib/x86_64-linux-gnu/libnvidia-gpucomp.so.580.159.03
7eb2dfde1000-7eb2dfeec000 rw-p 043e0000 103:02 3157633                   /usr/lib/x86_64-linux-gnu/libnvidia-gpucomp.so.580.159.03
7eb2dfeec000-7eb2dff8c000 rw-p 00000000 00:00 0 
7eb2dff8c000-7eb2dff8f000 r--p 00000000 103:02 3165931                   /usr/lib/x86_64-linux-gnu/pipewire-0.3/libpipewire-module-metadata.so
7eb2dff8f000-7eb2dff99000 r-xp 00003000 103:02 3165931                   /usr/lib/x86_64-linux-gnu/pipewire-0.3/libpipewire-module-metadata.so
7eb2dff99000-7eb2dff9b000 r--p 0000d000 103:02 3165931                   /usr/lib/x86_64-linux-gnu/pipewire-0.3/libpipewire-module-metadata.so
7eb2dff9b000-7eb2dff9c000 r--p 0000f000 103:02 3165931                   /usr/lib/x86_64-linux-gnu/pipewire-0.3/libpipewire-module-metadata.so
7eb2dff9c000-7eb2dff9d000 rw-p 00010000 103:02 3165931                   /usr/lib/x86_64-linux-gnu/pipewire-0.3/libpipewire-module-metadata.so
7eb2dff9d000-7eb2dff9f000 r--p 00000000 103:02 3148607                   /usr/lib/x86_64-linux-gnu/pipewire-0.3/libpipewire-module-adapter.so
7eb2dff9f000-7eb2dffa3000 r-xp 00002000 103:02 3148607                   /usr/lib/x86_64-linux-gnu/pipewire-0.3/libpipewire-module-adapter.so
7eb2dffa3000-7eb2dffa5000 r--p 00006000 103:02 3148607                   /usr/lib/x86_64-linux-gnu/pipewire-0.3/libpipewire-module-adapter.so
7eb2dffa5000-7eb2dffa6000 r--p 00008000 103:02 3148607                   /usr/lib/x86_64-linux-gnu/pipewire-0.3/libpipewire-module-adapter.so
7eb2dffa6000-7eb2dffa7000 rw-p 00009000 103:02 3148607                   /usr/lib/x86_64-linux-gnu/pipewire-0.3/libpipewire-module-adapter.so
7eb2dffa7000-7eb2dffda000 r--p 00000000 00:31 56996                      /tmp/lwjgl_doghouse/3.3.4+7/x64/liblwjgl_opengl.so
7eb2dffda000-7eb2dffee000 r-xp 00033000 00:31 56996                      /tmp/lwjgl_doghouse/3.3.4+7/x64/liblwjgl_opengl.so
7eb2dffee000-7eb2dfffe000 r--p 00047000 00:31 56996                      /tmp/lwjgl_doghouse/3.3.4+7/x64/liblwjgl_opengl.so
7eb2dfffe000-7eb2dffff000 r--p 00056000 00:31 56996                      /tmp/lwjgl_doghouse/3.3.4+7/x64/liblwjgl_opengl.so
7eb2dffff000-7eb2e0000000 rw-p 00057000 00:31 56996                      /tmp/lwjgl_doghouse/3.3.4+7/x64/liblwjgl_opengl.so
7eb2e0000000-7eb2e0021000 rw-p 00000000 00:00 0 
7eb2e0021000-7eb2e4000000 ---p 00000000 00:00 0 
7eb2e4003000-7eb2e4005000 r--p 00000000 103:02 3148610                   /usr/lib/x86_64-linux-gnu/pipewire-0.3/libpipewire-module-client-device.so
7eb2e4005000-7eb2e4011000 r-xp 00002000 103:02 3148610                   /usr/lib/x86_64-linux-gnu/pipewire-0.3/libpipewire-module-client-device.so
7eb2e4011000-7eb2e4013000 r--p 0000e000 103:02 3148610                   /usr/lib/x86_64-linux-gnu/pipewire-0.3/libpipewire-module-client-device.so
7eb2e4013000-7eb2e4014000 r--p 0000f000 103:02 3148610                   /usr/lib/x86_64-linux-gnu/pipewire-0.3/libpipewire-module-client-device.so
7eb2e4014000-7eb2e4015000 rw-p 00010000 103:02 3148610                   /usr/lib/x86_64-linux-gnu/pipewire-0.3/libpipewire-module-client-device.so
7eb2e4015000-7eb2e4017000 r--p 00000000 103:02 3165946                   /usr/lib/x86_64-linux-gnu/pipewire-0.3/libpipewire-module-rt.so
7eb2e4017000-7eb2e401b000 r-xp 00002000 103:02 3165946                   /usr/lib/x86_64-linux-gnu/pipewire-0.3/libpipewire-module-rt.so
7eb2e401b000-7eb2e401d000 r--p 00006000 103:02 3165946                   /usr/lib/x86_64-linux-gnu/pipewire-0.3/libpipewire-module-rt.so
7eb2e401d000-7eb2e401e000 r--p 00007000 103:02 3165946                   /usr/lib/x86_64-linux-gnu/pipewire-0.3/libpipewire-module-rt.so
7eb2e401e000-7eb2e401f000 rw-p 00008000 103:02 3165946                   /usr/lib/x86_64-linux-gnu/pipewire-0.3/libpipewire-module-rt.so
7eb2e401f000-7eb2e4021000 r--p 00000000 103:02 3165915                   /usr/lib/x86_64-linux-gnu/spa-0.2/support/libspa-dbus.so
7eb2e4021000-7eb2e4024000 r-xp 00002000 103:02 3165915                   /usr/lib/x86_64-linux-gnu/spa-0.2/support/libspa-dbus.so
7eb2e4024000-7eb2e4025000 r--p 00005000 103:02 3165915                   /usr/lib/x86_64-linux-gnu/spa-0.2/support/libspa-dbus.so
7eb2e4025000-7eb2e4026000 r--p 00006000 103:02 3165915                   /usr/lib/x86_64-linux-gnu/spa-0.2/support/libspa-dbus.so
7eb2e4026000-7eb2e4027000 rw-p 00007000 103:02 3165915                   /usr/lib/x86_64-linux-gnu/spa-0.2/support/libspa-dbus.so
7eb2e4027000-7eb2e4028000 r--p 00000000 103:02 3165916                   /usr/lib/x86_64-linux-gnu/spa-0.2/support/libspa-journal.so
7eb2e4028000-7eb2e402a000 r-xp 00001000 103:02 3165916                   /usr/lib/x86_64-linux-gnu/spa-0.2/support/libspa-journal.so
7eb2e402a000-7eb2e402b000 r--p 00003000 103:02 3165916                   /usr/lib/x86_64-linux-gnu/spa-0.2/support/libspa-journal.so
7eb2e402b000-7eb2e402c000 r--p 00003000 103:02 3165916                   /usr/lib/x86_64-linux-gnu/spa-0.2/support/libspa-journal.so
7eb2e402c000-7eb2e402d000 rw-p 00004000 103:02 3165916                   /usr/lib/x86_64-linux-gnu/spa-0.2/support/libspa-journal.so
7eb2e402d000-7eb2e4031000 r--p 00000000 103:02 3165917                   /usr/lib/x86_64-linux-gnu/spa-0.2/support/libspa-support.so
7eb2e4031000-7eb2e404a000 r-xp 00004000 103:02 3165917                   /usr/lib/x86_64-linux-gnu/spa-0.2/support/libspa-support.so
7eb2e404a000-7eb2e4051000 r--p 0001d000 103:02 3165917                   /usr/lib/x86_64-linux-gnu/spa-0.2/support/libspa-support.so
7eb2e4051000-7eb2e4053000 r--p 00023000 103:02 3165917                   /usr/lib/x86_64-linux-gnu/spa-0.2/support/libspa-support.so
7eb2e4053000-7eb2e4054000 rw-p 00025000 103:02 3165917                   /usr/lib/x86_64-linux-gnu/spa-0.2/support/libspa-support.so
7eb2e4054000-7eb2e405e000 r--p 00000000 103:02 3277240                   /usr/share/icons/Adwaita/icon-theme.cache
7eb2e405e000-7eb2e40dc000 r--p 00000000 103:02 3175146                   /usr/share/fonts/truetype/noto/NotoSans-Regular.ttf
7eb2e40dc000-7eb2e40e2000 r--p 00000000 103:02 3146355                   /usr/lib/x86_64-linux-gnu/gdk-pixbuf-2.0/2.10.0/loaders/libpixbufloader_svg.so
7eb2e40e2000-7eb2e4123000 r-xp 00006000 103:02 3146355                   /usr/lib/x86_64-linux-gnu/gdk-pixbuf-2.0/2.10.0/loaders/libpixbufloader_svg.so
7eb2e4123000-7eb2e4131000 r--p 00047000 103:02 3146355                   /usr/lib/x86_64-linux-gnu/gdk-pixbuf-2.0/2.10.0/loaders/libpixbufloader_svg.so
7eb2e4131000-7eb2e4134000 r--p 00055000 103:02 3146355                   /usr/lib/x86_64-linux-gnu/gdk-pixbuf-2.0/2.10.0/loaders/libpixbufloader_svg.so
7eb2e4134000-7eb2e4135000 rw-p 00058000 103:02 3146355                   /usr/lib/x86_64-linux-gnu/gdk-pixbuf-2.0/2.10.0/loaders/libpixbufloader_svg.so
7eb2e4135000-7eb2e4335000 rw-s 108796000 00:10 2075                      anon_inode:i915.gem
7eb2e4335000-7eb2e4400000 rw-p 00000000 00:00 0 
7eb2e4400000-7eb2e4600000 rw-s 10ddb6000 00:10 2075                      anon_inode:i915.gem
7eb2e4600000-7eb2e46a2000 r--p 00000000 103:02 3159933                   /usr/lib/x86_64-linux-gnu/libstdc++.so.6.0.34
7eb2e46a2000-7eb2e47ef000 r-xp 000a2000 103:02 3159933                   /usr/lib/x86_64-linux-gnu/libstdc++.so.6.0.34
7eb2e47ef000-7eb2e4877000 r--p 001ef000 103:02 3159933                   /usr/lib/x86_64-linux-gnu/libstdc++.so.6.0.34
7eb2e4877000-7eb2e4886000 r--p 00276000 103:02 3159933                   /usr/lib/x86_64-linux-gnu/libstdc++.so.6.0.34
7eb2e4886000-7eb2e4889000 rw-p 00285000 103:02 3159933                   /usr/lib/x86_64-linux-gnu/libstdc++.so.6.0.34
7eb2e4889000-7eb2e488d000 rw-p 00000000 00:00 0 
7eb2e488d000-7eb2e48b7000 r--s 00000000 103:02 3147878                   /usr/share/mime/mime.cache
7eb2e48b7000-7eb2e48e0000 r--s 00000000 103:02 25955901                  /home/doghouse/.local/share/mime/mime.cache
7eb2e48e0000-7eb2e4900000 rw-s 106e3b000 00:10 2075                      anon_inode:i915.gem
7eb2e4904000-7eb2e4908000 rw-s 10a6ad000 00:10 2075                      anon_inode:i915.gem
7eb2e4908000-7eb2e490a000 rw-s 10a6ab000 00:10 2075                      anon_inode:i915.gem
7eb2e490a000-7eb2e490c000 rw-s 10a6a5000 00:10 2075                      anon_inode:i915.gem
7eb2e490c000-7eb2e491c000 rw-s 10a656000 00:10 2075                      anon_inode:i915.gem
7eb2e491c000-7eb2e491e000 rw-s 10a6a3000 00:10 2075                      anon_inode:i915.gem
7eb2e491e000-7eb2e4920000 rw-s 10209c000 00:10 2075                      anon_inode:i915.gem
7eb2e4920000-7eb2e4940000 rw-s 10cb5a000 00:10 2075                      anon_inode:i915.gem
7eb2e49b0000-7eb2e49c0000 rw-s 10a9b6000 00:10 2075                      anon_inode:i915.gem
7eb2e49c0000-7eb2e49d0000 rw-s 1037eb000 00:10 2075                      anon_inode:i915.gem
7eb2e49d0000-7eb2e49f0000 rw-s 10c716000 00:10 2075                      anon_inode:i915.gem
7eb2e49f0000-7eb2e4a00000 rw-s 10c706000 00:10 2075                      anon_inode:i915.gem
7eb2e4a00000-7eb2e4ad6000 r--p 00000000 103:02 3146405                   /usr/lib/x86_64-linux-gnu/libgallium-25.2.8-0ubuntu0.25.10.2.so
7eb2e4ad6000-7eb2e6417000 r-xp 000d6000 103:02 3146405                   /usr/lib/x86_64-linux-gnu/libgallium-25.2.8-0ubuntu0.25.10.2.so
7eb2e6417000-7eb2e737b000 r--p 01a17000 103:02 3146405                   /usr/lib/x86_64-linux-gnu/libgallium-25.2.8-0ubuntu0.25.10.2.so
7eb2e737b000-7eb2e745d000 r--p 0297b000 103:02 3146405                   /usr/lib/x86_64-linux-gnu/libgallium-25.2.8-0ubuntu0.25.10.2.so
7eb2e745d000-7eb2e747e000 rw-p 02a5d000 103:02 3146405                   /usr/lib/x86_64-linux-gnu/libgallium-25.2.8-0ubuntu0.25.10.2.so
7eb2e747e000-7eb2e7649000 rw-p 00000000 00:00 0 
7eb2e7649000-7eb2e778a000 rw-s 00000000 103:02 25427994                  /home/doghouse/.cache/mesa_shader_cache/index
7eb2e778a000-7eb2e77ca000 rw-s 103ed7000 00:10 2075                      anon_inode:i915.gem
7eb2e77ca000-7eb2e77ce000 r--p 00000000 103:02 3149964                   /usr/lib/x86_64-linux-gnu/liblzma.so.5.8.1
7eb2e77ce000-7eb2e77f2000 r-xp 00004000 103:02 3149964                   /usr/lib/x86_64-linux-gnu/liblzma.so.5.8.1
7eb2e77f2000-7eb2e77fd000 r--p 00028000 103:02 3149964                   /usr/lib/x86_64-linux-gnu/liblzma.so.5.8.1
7eb2e77fd000-7eb2e77fe000 r--p 00033000 103:02 3149964                   /usr/lib/x86_64-linux-gnu/liblzma.so.5.8.1
7eb2e77fe000-7eb2e77ff000 rw-p 00034000 103:02 3149964                   /usr/lib/x86_64-linux-gnu/liblzma.so.5.8.1
7eb2e77ff000-7eb2e8000000 rw-p 00000000 00:00 0 
7eb2e8000000-7eb2e8021000 rw-p 00000000 00:00 0 
7eb2e8021000-7eb2ec000000 ---p 00000000 00:00 0 
7eb2ec000000-7eb2ec010000 rw-s 104be5000 00:10 2075                      anon_inode:i915.gem
7eb2ec010000-7eb2ec012000 r--p 00000000 103:02 3146519                   /usr/lib/x86_64-linux-gnu/libmd.so.0.1.0
7eb2ec012000-7eb2ec01b000 r-xp 00002000 103:02 3146519                   /usr/lib/x86_64-linux-gnu/libmd.so.0.1.0
7eb2ec01b000-7eb2ec01e000 r--p 0000b000 103:02 3146519                   /usr/lib/x86_64-linux-gnu/libmd.so.0.1.0
7eb2ec01e000-7eb2ec01f000 r--p 0000d000 103:02 3146519                   /usr/lib/x86_64-linux-gnu/libmd.so.0.1.0
7eb2ec01f000-7eb2ec020000 rw-p 0000e000 103:02 3146519                   /usr/lib/x86_64-linux-gnu/libmd.so.0.1.0
7eb2ec020000-7eb2ec024000 r--p 00000000 103:02 3162558                   /usr/lib/x86_64-linux-gnu/libbsd.so.0.12.2
7eb2ec024000-7eb2ec030000 r-xp 00004000 103:02 3162558                   /usr/lib/x86_64-linux-gnu/libbsd.so.0.12.2
7eb2ec030000-7eb2ec034000 r--p 00010000 103:02 3162558                   /usr/lib/x86_64-linux-gnu/libbsd.so.0.12.2
7eb2ec034000-7eb2ec035000 r--p 00014000 103:02 3162558                   /usr/lib/x86_64-linux-gnu/libbsd.so.0.12.2
7eb2ec035000-7eb2ec036000 rw-p 00015000 103:02 3162558                   /usr/lib/x86_64-linux-gnu/libbsd.so.0.12.2
7eb2ec036000-7eb2ec037000 rw-p 00000000 00:00 0 
7eb2ec037000-7eb2ec045000 r--p 00000000 103:02 3146132                   /usr/lib/x86_64-linux-gnu/libtinfo.so.6.5
7eb2ec045000-7eb2ec059000 r-xp 0000e000 103:02 3146132                   /usr/lib/x86_64-linux-gnu/libtinfo.so.6.5
7eb2ec059000-7eb2ec067000 r--p 00022000 103:02 3146132                   /usr/lib/x86_64-linux-gnu/libtinfo.so.6.5
7eb2ec067000-7eb2ec06b000 r--p 0002f000 103:02 3146132                   /usr/lib/x86_64-linux-gnu/libtinfo.so.6.5
7eb2ec06b000-7eb2ec06c000 rw-p 00033000 103:02 3146132                   /usr/lib/x86_64-linux-gnu/libtinfo.so.6.5
7eb2ec06c000-7eb2ec08c000 r--p 00000000 103:02 3150853                   /usr/lib/x86_64-linux-gnu/libxml2.so.16.0.5
7eb2ec08c000-7eb2ec18e000 r-xp 00020000 103:02 3150853                   /usr/lib/x86_64-linux-gnu/libxml2.so.16.0.5
7eb2ec18e000-7eb2ec1cc000 r--p 00122000 103:02 3150853                   /usr/lib/x86_64-linux-gnu/libxml2.so.16.0.5
7eb2ec1cc000-7eb2ec1d3000 r--p 0015f000 103:02 3150853                   /usr/lib/x86_64-linux-gnu/libxml2.so.16.0.5
7eb2ec1d3000-7eb2ec1d4000 rw-p 00166000 103:02 3150853                   /usr/lib/x86_64-linux-gnu/libxml2.so.16.0.5
7eb2ec1d4000-7eb2ec1d5000 rw-p 00000000 00:00 0 
7eb2ec1d5000-7eb2ec1de000 r--p 00000000 103:02 3145756                   /usr/lib/x86_64-linux-gnu/libedit.so.2.0.75
7eb2ec1de000-7eb2ec1fd000 r-xp 00009000 103:02 3145756                   /usr/lib/x86_64-linux-gnu/libedit.so.2.0.75
7eb2ec1fd000-7eb2ec20d000 r--p 00028000 103:02 3145756                   /usr/lib/x86_64-linux-gnu/libedit.so.2.0.75
7eb2ec20d000-7eb2ec20f000 r--p 00037000 103:02 3145756                   /usr/lib/x86_64-linux-gnu/libedit.so.2.0.75
7eb2ec20f000-7eb2ec210000 rw-p 00039000 103:02 3145756                   /usr/lib/x86_64-linux-gnu/libedit.so.2.0.75
7eb2ec210000-7eb2ec214000 rw-p 00000000 00:00 0 
7eb2ec214000-7eb2ec218000 r--p 00000000 103:02 3167909                   /usr/lib/x86_64-linux-gnu/libzstd.so.1.5.7
7eb2ec218000-7eb2ec2c8000 r-xp 00004000 103:02 3167909                   /usr/lib/x86_64-linux-gnu/libzstd.so.1.5.7
7eb2ec2c8000-7eb2ec2db000 r--p 000b4000 103:02 3167909                   /usr/lib/x86_64-linux-gnu/libzstd.so.1.5.7
7eb2ec2db000-7eb2ec2dc000 r--p 000c6000 103:02 3167909                   /usr/lib/x86_64-linux-gnu/libzstd.so.1.5.7
7eb2ec2dc000-7eb2ec2dd000 rw-p 000c7000 103:02 3167909                   /usr/lib/x86_64-linux-gnu/libzstd.so.1.5.7
7eb2ec2dd000-7eb2ecbff000 rw-p 00000000 00:00 0 
7eb2ecbff000-7eb2ed400000 rw-p 00000000 00:00 0 
7eb2ed400000-7eb2ed642000 r--p 00000000 103:02 3157610                   /usr/lib/x86_64-linux-gnu/libnvidia-eglcore.so.580.159.03
7eb2ed642000-7eb2ee306000 r-xp 00242000 103:02 3157610                   /usr/lib/x86_64-linux-gnu/libnvidia-eglcore.so.580.159.03
7eb2ee306000-7eb2ef3a8000 r--p 00f06000 103:02 3157610                   /usr/lib/x86_64-linux-gnu/libnvidia-eglcore.so.580.159.03
7eb2ef3a8000-7eb2ef3a9000 ---p 01fa8000 103:02 3157610                   /usr/lib/x86_64-linux-gnu/libnvidia-eglcore.so.580.159.03
7eb2ef3a9000-7eb2ef521000 r--p 01fa8000 103:02 3157610                   /usr/lib/x86_64-linux-gnu/libnvidia-eglcore.so.580.159.03
7eb2ef521000-7eb2ef575000 rw-p 02120000 103:02 3157610                   /usr/lib/x86_64-linux-gnu/libnvidia-eglcore.so.580.159.03
7eb2ef575000-7eb2ef58b000 rw-p 00000000 00:00 0 
7eb2ef58b000-7eb2ef58d000 rw-s 10209a000 00:10 2075                      anon_inode:i915.gem
7eb2ef58d000-7eb2ef595000 r--p 00000000 103:02 3277357                   /usr/share/icons/hicolor/icon-theme.cache
7eb2ef595000-7eb2ef597000 r--p 00000000 103:02 3146312                   /usr/lib/x86_64-linux-gnu/libpciaccess.so.0.11.1
7eb2ef597000-7eb2ef59c000 r-xp 00002000 103:02 3146312                   /usr/lib/x86_64-linux-gnu/libpciaccess.so.0.11.1
7eb2ef59c000-7eb2ef59e000 r--p 00007000 103:02 3146312                   /usr/lib/x86_64-linux-gnu/libpciaccess.so.0.11.1
7eb2ef59e000-7eb2ef59f000 r--p 00008000 103:02 3146312                   /usr/lib/x86_64-linux-gnu/libpciaccess.so.0.11.1
7eb2ef59f000-7eb2ef5a0000 rw-p 00009000 103:02 3146312                   /usr/lib/x86_64-linux-gnu/libpciaccess.so.0.11.1
7eb2ef5a0000-7eb2ef5a3000 r--p 00000000 103:02 3146253                   /usr/lib/x86_64-linux-gnu/libdrm_intel.so.1.125.0
7eb2ef5a3000-7eb2ef5ba000 r-xp 00003000 103:02 3146253                   /usr/lib/x86_64-linux-gnu/libdrm_intel.so.1.125.0
7eb2ef5ba000-7eb2ef5c4000 r--p 0001a000 103:02 3146253                   /usr/lib/x86_64-linux-gnu/libdrm_intel.so.1.125.0
7eb2ef5c4000-7eb2ef5c5000 r--p 00023000 103:02 3146253                   /usr/lib/x86_64-linux-gnu/libdrm_intel.so.1.125.0
7eb2ef5c5000-7eb2ef5c6000 rw-p 00024000 103:02 3146253                   /usr/lib/x86_64-linux-gnu/libdrm_intel.so.1.125.0
7eb2ef5c6000-7eb2ef5c9000 r--p 00000000 103:02 3148413                   /usr/lib/x86_64-linux-gnu/libelf-0.193.so
7eb2ef5c9000-7eb2ef5df000 r-xp 00003000 103:02 3148413                   /usr/lib/x86_64-linux-gnu/libelf-0.193.so
7eb2ef5df000-7eb2ef5e3000 r--p 00019000 103:02 3148413                   /usr/lib/x86_64-linux-gnu/libelf-0.193.so
7eb2ef5e3000-7eb2ef5e4000 r--p 0001d000 103:02 3148413                   /usr/lib/x86_64-linux-gnu/libelf-0.193.so
7eb2ef5e4000-7eb2ef5e5000 rw-p 0001e000 103:02 3148413                   /usr/lib/x86_64-linux-gnu/libelf-0.193.so
7eb2ef5e5000-7eb2ef5e8000 r--p 00000000 103:02 3146466                   /usr/lib/x86_64-linux-gnu/libdrm_amdgpu.so.1.125.0
7eb2ef5e8000-7eb2ef5ee000 r-xp 00003000 103:02 3146466                   /usr/lib/x86_64-linux-gnu/libdrm_amdgpu.so.1.125.0
7eb2ef5ee000-7eb2ef5f0000 r--p 00009000 103:02 3146466                   /usr/lib/x86_64-linux-gnu/libdrm_amdgpu.so.1.125.0
7eb2ef5f0000-7eb2ef5f1000 r--p 0000a000 103:02 3146466                   /usr/lib/x86_64-linux-gnu/libdrm_amdgpu.so.1.125.0
7eb2ef5f1000-7eb2ef5f2000 rw-p 0000b000 103:02 3146466                   /usr/lib/x86_64-linux-gnu/libdrm_amdgpu.so.1.125.0
7eb2ef5f2000-7eb2ef5f3000 r--p 00000000 103:02 3156068                   /usr/lib/x86_64-linux-gnu/libxshmfence.so.1.0.0
7eb2ef5f3000-7eb2ef5f4000 r-xp 00001000 103:02 3156068                   /usr/lib/x86_64-linux-gnu/libxshmfence.so.1.0.0
7eb2ef5f4000-7eb2ef5f5000 r--p 00002000 103:02 3156068                   /usr/lib/x86_64-linux-gnu/libxshmfence.so.1.0.0
7eb2ef5f5000-7eb2ef5f6000 r--p 00002000 103:02 3156068                   /usr/lib/x86_64-linux-gnu/libxshmfence.so.1.0.0
7eb2ef5f6000-7eb2ef5f7000 rw-p 00003000 103:02 3156068                   /usr/lib/x86_64-linux-gnu/libxshmfence.so.1.0.0
7eb2ef5f7000-7eb2ef5fa000 r--p 00000000 103:02 3155134                   /usr/lib/x86_64-linux-gnu/libxcb-sync.so.1.0.0
7eb2ef5fa000-7eb2ef5fd000 r-xp 00003000 103:02 3155134                   /usr/lib/x86_64-linux-gnu/libxcb-sync.so.1.0.0
7eb2ef5fd000-7eb2ef5ff000 r--p 00006000 103:02 3155134                   /usr/lib/x86_64-linux-gnu/libxcb-sync.so.1.0.0
7eb2ef5ff000-7eb2ef600000 r--p 00008000 103:02 3155134                   /usr/lib/x86_64-linux-gnu/libxcb-sync.so.1.0.0
7eb2ef600000-7eb2ef601000 rw-p 00009000 103:02 3155134                   /usr/lib/x86_64-linux-gnu/libxcb-sync.so.1.0.0
7eb2ef601000-7eb2ef604000 r--p 00000000 103:02 3171900                   /usr/lib/x86_64-linux-gnu/libsensors.so.5.0.0
7eb2ef604000-7eb2ef60c000 r-xp 00003000 103:02 3171900                   /usr/lib/x86_64-linux-gnu/libsensors.so.5.0.0
7eb2ef60c000-7eb2ef610000 r--p 0000b000 103:02 3171900                   /usr/lib/x86_64-linux-gnu/libsensors.so.5.0.0
7eb2ef610000-7eb2ef611000 r--p 0000f000 103:02 3171900                   /usr/lib/x86_64-linux-gnu/libsensors.so.5.0.0
7eb2ef611000-7eb2ef612000 rw-p 00010000 103:02 3171900                   /usr/lib/x86_64-linux-gnu/libsensors.so.5.0.0
7eb2ef612000-7eb2ef616000 r--p 00000000 103:02 3157086                   /usr/lib/x86_64-linux-gnu/libgcc_s.so.1
7eb2ef616000-7eb2ef639000 r-xp 00004000 103:02 3157086                   /usr/lib/x86_64-linux-gnu/libgcc_s.so.1
7eb2ef639000-7eb2ef63d000 r--p 00027000 103:02 3157086                   /usr/lib/x86_64-linux-gnu/libgcc_s.so.1
7eb2ef63d000-7eb2ef63e000 r--p 0002a000 103:02 3157086                   /usr/lib/x86_64-linux-gnu/libgcc_s.so.1
7eb2ef63e000-7eb2ef63f000 rw-p 0002b000 103:02 3157086                   /usr/lib/x86_64-linux-gnu/libgcc_s.so.1
7eb2ef63f000-7eb2ef646000 r--p 00000000 103:02 3154018                   /usr/lib/x86_64-linux-gnu/libxcb-randr.so.0.1.0
7eb2ef646000-7eb2ef64b000 r-xp 00007000 103:02 3154018                   /usr/lib/x86_64-linux-gnu/libxcb-randr.so.0.1.0
7eb2ef64b000-7eb2ef651000 r--p 0000c000 103:02 3154018                   /usr/lib/x86_64-linux-gnu/libxcb-randr.so.0.1.0
7eb2ef651000-7eb2ef652000 r--p 00011000 103:02 3154018                   /usr/lib/x86_64-linux-gnu/libxcb-randr.so.0.1.0
7eb2ef652000-7eb2ef653000 rw-p 00012000 103:02 3154018                   /usr/lib/x86_64-linux-gnu/libxcb-randr.so.0.1.0
7eb2ef653000-7eb2ef662000 r--p 00000000 103:02 3146572                   /usr/lib/x86_64-linux-gnu/libEGL_mesa.so.0.0.0
7eb2ef662000-7eb2ef68a000 r-xp 0000f000 103:02 3146572                   /usr/lib/x86_64-linux-gnu/libEGL_mesa.so.0.0.0
7eb2ef68a000-7eb2ef69b000 r--p 00037000 103:02 3146572                   /usr/lib/x86_64-linux-gnu/libEGL_mesa.so.0.0.0
7eb2ef69b000-7eb2ef6a7000 r--p 00047000 103:02 3146572                   /usr/lib/x86_64-linux-gnu/libEGL_mesa.so.0.0.0
7eb2ef6a7000-7eb2ef6a8000 rw-p 00053000 103:02 3146572                   /usr/lib/x86_64-linux-gnu/libEGL_mesa.so.0.0.0
7eb2ef6bc000-7eb2ef6f0000 r--p 00000000 103:02 3146230                   /usr/lib/x86_64-linux-gnu/libEGL_nvidia.so.580.159.03
7eb2ef6f0000-7eb2ef787000 r-xp 00034000 103:02 3146230                   /usr/lib/x86_64-linux-gnu/libEGL_nvidia.so.580.159.03
7eb2ef787000-7eb2ef7db000 r--p 000cb000 103:02 3146230                   /usr/lib/x86_64-linux-gnu/libEGL_nvidia.so.580.159.03
7eb2ef7db000-7eb2ef7dc000 ---p 0011f000 103:02 3146230                   /usr/lib/x86_64-linux-gnu/libEGL_nvidia.so.580.159.03
7eb2ef7dc000-7eb2ef7e4000 r--p 0011f000 103:02 3146230                   /usr/lib/x86_64-linux-gnu/libEGL_nvidia.so.580.159.03
7eb2ef7e4000-7eb2ef7fa000 rw-p 00127000 103:02 3146230                   /usr/lib/x86_64-linux-gnu/libEGL_nvidia.so.580.159.03
7eb2ef7fa000-7eb2ef7ff000 rw-p 00000000 00:00 0 
7eb2ef7ff000-7eb2f0000000 rw-p 00000000 00:00 0 
7eb2f0000000-7eb2f0021000 rw-p 00000000 00:00 0 
7eb2f0021000-7eb2f4000000 ---p 00000000 00:00 0 
7eb2f4000000-7eb2f4092000 rw-p 00000000 00:00 0 
7eb2f4092000-7eb2f8000000 ---p 00000000 00:00 0 
7eb2f8000000-7eb2f8088000 rw-p 00000000 00:00 0 
7eb2f8088000-7eb2fc000000 ---p 00000000 00:00 0 
7eb2fc000000-7eb2fc021000 rw-p 00000000 00:00 0 
7eb2fc021000-7eb300000000 ---p 00000000 00:00 0 
7eb300000000-7eb30013a000 rw-p 00000000 00:00 0 
7eb30013a000-7eb304000000 ---p 00000000 00:00 0 
7eb304000000-7eb3040c5000 rw-p 00000000 00:00 0 
7eb3040c5000-7eb308000000 ---p 00000000 00:00 0 
7eb308000000-7eb308021000 rw-p 00000000 00:00 0 
7eb308021000-7eb30c000000 ---p 00000000 00:00 0 
7eb30c000000-7eb30c3b0000 rw-p 00000000 00:00 0 
7eb30c3b0000-7eb310000000 ---p 00000000 00:00 0 
7eb310000000-7eb3101b9000 rw-p 00000000 00:00 0 
7eb3101b9000-7eb314000000 ---p 00000000 00:00 0 
7eb314000000-7eb314021000 rw-p 00000000 00:00 0 
7eb314021000-7eb318000000 ---p 00000000 00:00 0 
7eb318000000-7eb318021000 rw-p 00000000 00:00 0 
7eb318021000-7eb31c000000 ---p 00000000 00:00 0 
7eb31c000000-7eb31d351000 rw-p 00000000 00:00 0 
7eb31d351000-7eb320000000 ---p 00000000 00:00 0 
7eb320000000-7eb320021000 rw-p 00000000 00:00 0 
7eb320021000-7eb324000000 ---p 00000000 00:00 0 
7eb324000000-7eb324021000 rw-p 00000000 00:00 0 
7eb324021000-7eb328000000 ---p 00000000 00:00 0 
7eb328000000-7eb328021000 rw-p 00000000 00:00 0 
7eb328021000-7eb32c000000 ---p 00000000 00:00 0 
7eb32c000000-7eb32c021000 rw-p 00000000 00:00 0 
7eb32c021000-7eb330000000 ---p 00000000 00:00 0 
7eb330000000-7eb330021000 rw-p 00000000 00:00 0 
7eb330021000-7eb334000000 ---p 00000000 00:00 0 
7eb334000000-7eb334001000 r--p 00000000 00:01 9420                       /memfd:smithay-dmabuffeedback-format-table (deleted)
7eb334001000-7eb334002000 rw-s 00000000 00:01 6519                       /memfd:pipewire-memfd:flags=0x0000000f,type=2,size=2312 (deleted)
7eb334002000-7eb334003000 rw-s 00000000 00:01 6522                       /memfd:pipewire-memfd:flags=0x0000000f,type=2,size=4096 (deleted)
7eb334003000-7eb334004000 rw-s 00000000 00:01 7485                       /memfd:pipewire-memfd:flags=0x0000000f,type=2,size=2312 (deleted)
7eb334004000-7eb334007000 r--p 00000000 103:02 3163828                   /usr/lib/x86_64-linux-gnu/libxcb-xfixes.so.0.0.0
7eb334007000-7eb33400a000 r-xp 00003000 103:02 3163828                   /usr/lib/x86_64-linux-gnu/libxcb-xfixes.so.0.0.0
7eb33400a000-7eb33400d000 r--p 00006000 103:02 3163828                   /usr/lib/x86_64-linux-gnu/libxcb-xfixes.so.0.0.0
7eb33400d000-7eb33400e000 r--p 00008000 103:02 3163828                   /usr/lib/x86_64-linux-gnu/libxcb-xfixes.so.0.0.0
7eb33400e000-7eb33400f000 rw-p 00009000 103:02 3163828                   /usr/lib/x86_64-linux-gnu/libxcb-xfixes.so.0.0.0
7eb33400f000-7eb334011000 r--p 00000000 103:02 3157391                   /usr/lib/x86_64-linux-gnu/libxcb-dri3.so.0.1.0
7eb334011000-7eb334013000 r-xp 00002000 103:02 3157391                   /usr/lib/x86_64-linux-gnu/libxcb-dri3.so.0.1.0
7eb334013000-7eb334015000 r--p 00004000 103:02 3157391                   /usr/lib/x86_64-linux-gnu/libxcb-dri3.so.0.1.0
7eb334015000-7eb334016000 r--p 00005000 103:02 3157391                   /usr/lib/x86_64-linux-gnu/libxcb-dri3.so.0.1.0
7eb334016000-7eb334017000 rw-p 00006000 103:02 3157391                   /usr/lib/x86_64-linux-gnu/libxcb-dri3.so.0.1.0
7eb33402b000-7eb33402d000 r--p 00000000 103:02 3152087                   /usr/lib/x86_64-linux-gnu/libgbm.so.1.0.0
7eb33402d000-7eb33402f000 r-xp 00002000 103:02 3152087                   /usr/lib/x86_64-linux-gnu/libgbm.so.1.0.0
7eb33402f000-7eb334030000 r--p 00004000 103:02 3152087                   /usr/lib/x86_64-linux-gnu/libgbm.so.1.0.0
7eb334030000-7eb334031000 r--p 00004000 103:02 3152087                   /usr/lib/x86_64-linux-gnu/libgbm.so.1.0.0
7eb334031000-7eb334032000 rw-p 00005000 103:02 3152087                   /usr/lib/x86_64-linux-gnu/libgbm.so.1.0.0
7eb33403a000-7eb33403f000 r--p 00000000 103:02 3146743                   /usr/lib/x86_64-linux-gnu/libdrm.so.2.125.0
7eb33403f000-7eb33404b000 r-xp 00005000 103:02 3146743                   /usr/lib/x86_64-linux-gnu/libdrm.so.2.125.0
7eb33404b000-7eb33404f000 r--p 00011000 103:02 3146743                   /usr/lib/x86_64-linux-gnu/libdrm.so.2.125.0
7eb33404f000-7eb334050000 r--p 00015000 103:02 3146743                   /usr/lib/x86_64-linux-gnu/libdrm.so.2.125.0
7eb334050000-7eb334051000 rw-p 00016000 103:02 3146743                   /usr/lib/x86_64-linux-gnu/libdrm.so.2.125.0
7eb33407f000-7eb33408f000 r--p 00000000 103:02 3157616                   /usr/lib/x86_64-linux-gnu/libnvidia-glsi.so.580.159.03
7eb33408f000-7eb3340ef000 r-xp 00010000 103:02 3157616                   /usr/lib/x86_64-linux-gnu/libnvidia-glsi.so.580.159.03
7eb3340ef000-7eb33410c000 r--p 00070000 103:02 3157616                   /usr/lib/x86_64-linux-gnu/libnvidia-glsi.so.580.159.03
7eb33410c000-7eb334112000 r--p 0008c000 103:02 3157616                   /usr/lib/x86_64-linux-gnu/libnvidia-glsi.so.580.159.03
7eb334112000-7eb334113000 rw-p 00092000 103:02 3157616                   /usr/lib/x86_64-linux-gnu/libnvidia-glsi.so.580.159.03
7eb334113000-7eb33411b000 rw-p 00000000 00:00 0 
7eb33411b000-7eb33415c000 r--p 00000000 103:02 3152980                   /usr/lib/x86_64-linux-gnu/libGLdispatch.so.0.0.0
7eb33415c000-7eb33419b000 r-xp 00041000 103:02 3152980                   /usr/lib/x86_64-linux-gnu/libGLdispatch.so.0.0.0
7eb33419b000-7eb3341af000 r--p 00080000 103:02 3152980                   /usr/lib/x86_64-linux-gnu/libGLdispatch.so.0.0.0
7eb3341af000-7eb3341cb000 r--p 00094000 103:02 3152980                   /usr/lib/x86_64-linux-gnu/libGLdispatch.so.0.0.0
7eb3341cb000-7eb3341cc000 rw-p 000b0000 103:02 3152980                   /usr/lib/x86_64-linux-gnu/libGLdispatch.so.0.0.0
7eb3341cc000-7eb3341d4000 rw-p 00000000 00:00 0 
7eb3341d4000-7eb3341d7000 r--p 00000000 103:02 3152968                   /usr/lib/x86_64-linux-gnu/libEGL.so.1.1.0
7eb3341d7000-7eb3341e1000 r-xp 00003000 103:02 3152968                   /usr/lib/x86_64-linux-gnu/libEGL.so.1.1.0
7eb3341e1000-7eb3341e6000 r--p 0000d000 103:02 3152968                   /usr/lib/x86_64-linux-gnu/libEGL.so.1.1.0
7eb3341e6000-7eb3341e7000 r--p 00012000 103:02 3152968                   /usr/lib/x86_64-linux-gnu/libEGL.so.1.1.0
7eb3341e7000-7eb3341e8000 rw-p 00013000 103:02 3152968                   /usr/lib/x86_64-linux-gnu/libEGL.so.1.1.0
7eb3341e8000-7eb3341e9000 rw-s 00000000 00:01 16673                      /memfd:pipewire-memfd:flags=0x0000000f,type=2,size=2312 (deleted)
7eb3341e9000-7eb3341ea000 r--p 00000000 103:02 25988112                  /home/doghouse/.local/share/icons/hicolor/icon-theme.cache
7eb3341ea000-7eb3341eb000 r--p 00000000 103:02 5916980                   /var/lib/flatpak/exports/share/icons/hicolor/icon-theme.cache
7eb3341eb000-7eb3341ec000 r--s 00000000 103:02 6291462                   /var/lib/flatpak/exports/share/mime/mime.cache
7eb3341ec000-7eb3341fc000 rw-s 10c1c6000 00:10 2075                      anon_inode:i915.gem
7eb3341fc000-7eb3341fd000 r--p 00000000 00:00 0 
7eb3341fd000-7eb33420d000 rw-s 105377000 00:10 2075                      anon_inode:i915.gem
7eb33420d000-7eb33444b000 rw-s 00000000 00:01 16672                      /memfd:wayland-cursor (deleted)
7eb33444b000-7eb3344db000 rw-s 00000000 00:01 16671                      /memfd:wayland-cursor (deleted)
7eb3344db000-7eb3344ee000 r--p 00000000 103:02 3147525                   /usr/lib/x86_64-linux-gnu/gvfs/libgvfscommon.so
7eb3344ee000-7eb33450a000 r-xp 00013000 103:02 3147525                   /usr/lib/x86_64-linux-gnu/gvfs/libgvfscommon.so
7eb33450a000-7eb334516000 r--p 0002f000 103:02 3147525                   /usr/lib/x86_64-linux-gnu/gvfs/libgvfscommon.so
7eb334516000-7eb33451c000 r--p 0003a000 103:02 3147525                   /usr/lib/x86_64-linux-gnu/gvfs/libgvfscommon.so
7eb33451c000-7eb33451d000 rw-p 00040000 103:02 3147525                   /usr/lib/x86_64-linux-gnu/gvfs/libgvfscommon.so
7eb33451d000-7eb334528000 r--p 00000000 103:02 3154654                   /usr/lib/x86_64-linux-gnu/gio/modules/libgvfsdbus.so
7eb334528000-7eb334546000 r-xp 0000b000 103:02 3154654                   /usr/lib/x86_64-linux-gnu/gio/modules/libgvfsdbus.so
7eb334546000-7eb33454e000 r--p 00029000 103:02 3154654                   /usr/lib/x86_64-linux-gnu/gio/modules/libgvfsdbus.so
7eb33454e000-7eb334550000 r--p 00031000 103:02 3154654                   /usr/lib/x86_64-linux-gnu/gio/modules/libgvfsdbus.so
7eb334550000-7eb334551000 rw-p 00033000 103:02 3154654                   /usr/lib/x86_64-linux-gnu/gio/modules/libgvfsdbus.so
7eb334551000-7eb33455f000 r--s 00000000 103:02 5505427                   /var/cache/fontconfig/a4e60e8d1e10d2fdff3fe3037a1845fb-le64.cache-9
7eb33455f000-7eb3345bd000 r--s 00000000 103:02 5506533                   /var/cache/fontconfig/2300eef321c393bfd76478a5c0e95b23-le64.cache-9
7eb3345bd000-7eb334641000 r--s 00000000 103:02 5506984                   /var/cache/fontconfig/0bd3dc0958fa2205aaaa8ebb13e2872b-le64.cache-9
7eb334641000-7eb3347d0000 rw-s 00000000 00:01 16670                      /memfd:wayland-cursor (deleted)
7eb3347d0000-7eb3347e1000 r--s 00000000 103:02 5505423                   /var/cache/fontconfig/e13b20fdb08344e0e664864cc2ede53d-le64.cache-9
7eb3347e1000-7eb3347fd000 r--s 00000000 103:02 25592691                  /home/doghouse/.cache/fontconfig/cde8bfdb99d75b2fca8224b9379c6f15-le64.cache-9
7eb334ffe000-7eb336000000 rw-p 00000000 00:00 0 
7eb336000000-7eb336230000 rw-p 00000000 00:00 0 
7eb336230000-7eb336400000 ---p 00000000 00:00 0 
7eb336400000-7eb336ac0000 rw-p 00000000 00:00 0 
7eb336ac0000-7eb33a000000 ---p 00000000 00:00 0 
7eb33a000000-7eb33ac75000 rw-p 00001000 103:02 25711999                  /home/doghouse/.gradle/jdks/eclipse_adoptium-22-amd64-linux.2/lib/server/classes.jsa
7eb33ac75000-7eb33b000000 ---p 00000000 00:00 0 
7eb33b000000-7eb33b040000 rw-p 00000000 00:00 0 
7eb33b040000-7eb33b070000 rw-p 00000000 00:00 0 
7eb33b070000-7eb33b080000 ---p 00000000 00:00 0 
7eb33b080000-7eb33b100000 rw-p 00000000 00:00 0 
7eb33b100000-7eb37b000000 ---p 00000000 00:00 0 
7eb37b000000-7eb37b001000 rw-s 1039dc000 00:10 2075                      anon_inode:i915.gem
7eb37b001000-7eb37b002000 r--p 00000000 103:02 3155228                   /usr/lib/x86_64-linux-gnu/libX11-xcb.so.1.0.0
7eb37b002000-7eb37b003000 r-xp 00001000 103:02 3155228                   /usr/lib/x86_64-linux-gnu/libX11-xcb.so.1.0.0
7eb37b003000-7eb37b004000 r--p 00002000 103:02 3155228                   /usr/lib/x86_64-linux-gnu/libX11-xcb.so.1.0.0
7eb37b004000-7eb37b005000 r--p 00002000 103:02 3155228                   /usr/lib/x86_64-linux-gnu/libX11-xcb.so.1.0.0
7eb37b005000-7eb37b006000 rw-p 00003000 103:02 3155228                   /usr/lib/x86_64-linux-gnu/libX11-xcb.so.1.0.0
7eb37b006000-7eb37b00d000 r--s 00000000 103:02 3177505                   /usr/lib/x86_64-linux-gnu/gconv/gconv-modules.cache
7eb37b00d000-7eb37b04b000 r--s 00000000 103:02 5506498                   /var/cache/fontconfig/365b55f210c0a22e9a19e35191240f32-le64.cache-9
7eb37b04b000-7eb37b053000 r--s 00000000 103:02 5506466                   /var/cache/fontconfig/3047814df9a2f067bd2d96a2b9c36e5a-le64.cache-9
7eb37b053000-7eb37b06b000 r--s 00000000 103:02 5506681                   /var/cache/fontconfig/618c72fff80b36cd78c680959a9b3971-le64.cache-9
7eb37b06b000-7eb37b0a9000 r--s 00000000 103:02 5506643                   /var/cache/fontconfig/8c595cce8c86d898f644a36c512251ff-le64.cache-9
7eb37b0a9000-7eb37b0b9000 r--s 00000000 103:02 5506408                   /var/cache/fontconfig/6cc790b63b123a6a96ee260fcdad32a9-le64.cache-9
7eb37b0b9000-7eb37b0ca000 r--s 00000000 103:02 5505413                   /var/cache/fontconfig/9b89f8e3dae116d678bbf48e5f21f69b-le64.cache-9
7eb37b0ca000-7eb37b0f6000 r--p 00000000 103:02 3148405                   /usr/share/glib-2.0/schemas/gschemas.compiled
7eb37b0f6000-7eb37b8f7000 rw-p 00000000 00:00 0 
7eb37b8f7000-7eb37b8f9000 r--p 00000000 103:02 3163358                   /usr/lib/x86_64-linux-gnu/libdatrie.so.1.4.0
7eb37b8f9000-7eb37b8fd000 r-xp 00002000 103:02 3163358                   /usr/lib/x86_64-linux-gnu/libdatrie.so.1.4.0
7eb37b8fd000-7eb37b8fe000 r--p 00006000 103:02 3163358                   /usr/lib/x86_64-linux-gnu/libdatrie.so.1.4.0
7eb37b8fe000-7eb37b8ff000 r--p 00006000 103:02 3163358                   /usr/lib/x86_64-linux-gnu/libdatrie.so.1.4.0
7eb37b8ff000-7eb37b900000 rw-p 00007000 103:02 3163358                   /usr/lib/x86_64-linux-gnu/libdatrie.so.1.4.0
7eb37b900000-7eb37b907000 r--p 00000000 103:02 3154704                   /usr/lib/x86_64-linux-gnu/libblkid.so.1.1.0
7eb37b907000-7eb37b92c000 r-xp 00007000 103:02 3154704                   /usr/lib/x86_64-linux-gnu/libblkid.so.1.1.0
7eb37b92c000-7eb37b935000 r--p 0002c000 103:02 3154704                   /usr/lib/x86_64-linux-gnu/libblkid.so.1.1.0
7eb37b935000-7eb37b93b000 r--p 00034000 103:02 3154704                   /usr/lib/x86_64-linux-gnu/libblkid.so.1.1.0
7eb37b93b000-7eb37b93c000 rw-p 0003a000 103:02 3154704                   /usr/lib/x86_64-linux-gnu/libblkid.so.1.1.0
7eb37b93c000-7eb37b93d000 r--p 00000000 103:02 3149836                   /usr/lib/x86_64-linux-gnu/libbrotlicommon.so.1.1.0
7eb37b93d000-7eb37b93e000 r-xp 00001000 103:02 3149836                   /usr/lib/x86_64-linux-gnu/libbrotlicommon.so.1.1.0
7eb37b93e000-7eb37b95d000 r--p 00002000 103:02 3149836                   /usr/lib/x86_64-linux-gnu/libbrotlicommon.so.1.1.0
7eb37b95d000-7eb37b95e000 r--p 00021000 103:02 3149836                   /usr/lib/x86_64-linux-gnu/libbrotlicommon.so.1.1.0
7eb37b95e000-7eb37b95f000 rw-p 00022000 103:02 3149836                   /usr/lib/x86_64-linux-gnu/libbrotlicommon.so.1.1.0
7eb37b95f000-7eb37b970000 r--p 00000000 103:02 3155241                   /usr/lib/x86_64-linux-gnu/libatspi.so.0.0.1
7eb37b970000-7eb37b98b000 r-xp 00011000 103:02 3155241                   /usr/lib/x86_64-linux-gnu/libatspi.so.0.0.1
7eb37b98b000-7eb37b998000 r--p 0002c000 103:02 3155241                   /usr/lib/x86_64-linux-gnu/libatspi.so.0.0.1
7eb37b998000-7eb37b99c000 r--p 00039000 103:02 3155241                   /usr/lib/x86_64-linux-gnu/libatspi.so.0.0.1
7eb37b99c000-7eb37b99d000 rw-p 0003d000 103:02 3155241                   /usr/lib/x86_64-linux-gnu/libatspi.so.0.0.1
7eb37b99d000-7eb37b9a1000 r--p 00000000 103:02 3167893                   /usr/lib/x86_64-linux-gnu/libjpeg.so.8.2.2
7eb37b9a1000-7eb37b9f1000 r-xp 00004000 103:02 3167893                   /usr/lib/x86_64-linux-gnu/libjpeg.so.8.2.2
7eb37b9f1000-7eb37ba21000 r--p 00054000 103:02 3167893                   /usr/lib/x86_64-linux-gnu/libjpeg.so.8.2.2
7eb37ba21000-7eb37ba22000 r--p 00084000 103:02 3167893                   /usr/lib/x86_64-linux-gnu/libjpeg.so.8.2.2
7eb37ba22000-7eb37ba23000 rw-p 00085000 103:02 3167893                   /usr/lib/x86_64-linux-gnu/libjpeg.so.8.2.2
7eb37ba23000-7eb37ba26000 r--p 00000000 103:02 3150924                   /usr/lib/x86_64-linux-gnu/libgraphite2.so.3.2.1
7eb37ba26000-7eb37ba44000 r-xp 00003000 103:02 3150924                   /usr/lib/x86_64-linux-gnu/libgraphite2.so.3.2.1
7eb37ba44000-7eb37ba47000 r--p 00021000 103:02 3150924                   /usr/lib/x86_64-linux-gnu/libgraphite2.so.3.2.1
7eb37ba47000-7eb37ba49000 r--p 00023000 103:02 3150924                   /usr/lib/x86_64-linux-gnu/libgraphite2.so.3.2.1
7eb37ba49000-7eb37ba4a000 rw-p 00025000 103:02 3150924                   /usr/lib/x86_64-linux-gnu/libgraphite2.so.3.2.1
7eb37ba4a000-7eb37ba4c000 r--p 00000000 103:02 3157663                   /usr/lib/x86_64-linux-gnu/libthai.so.0.3.1
7eb37ba4c000-7eb37ba50000 r-xp 00002000 103:02 3157663                   /usr/lib/x86_64-linux-gnu/libthai.so.0.3.1
7eb37ba50000-7eb37ba53000 r--p 00006000 103:02 3157663                   /usr/lib/x86_64-linux-gnu/libthai.so.0.3.1
7eb37ba53000-7eb37ba54000 r--p 00008000 103:02 3157663                   /usr/lib/x86_64-linux-gnu/libthai.so.0.3.1
7eb37ba54000-7eb37ba55000 rw-p 00009000 103:02 3157663                   /usr/lib/x86_64-linux-gnu/libthai.so.0.3.1
7eb37ba55000-7eb37ba5c000 r--p 00000000 103:02 3159607                   /usr/lib/x86_64-linux-gnu/libselinux.so.1
7eb37ba5c000-7eb37ba7d000 r-xp 00007000 103:02 3159607                   /usr/lib/x86_64-linux-gnu/libselinux.so.1
7eb37ba7d000-7eb37ba88000 r--p 00028000 103:02 3159607                   /usr/lib/x86_64-linux-gnu/libselinux.so.1
7eb37ba88000-7eb37ba89000 r--p 00032000 103:02 3159607                   /usr/lib/x86_64-linux-gnu/libselinux.so.1
7eb37ba89000-7eb37ba8a000 rw-p 00033000 103:02 3159607                   /usr/lib/x86_64-linux-gnu/libselinux.so.1
7eb37ba8a000-7eb37ba8c000 rw-p 00000000 00:00 0 
7eb37ba8c000-7eb37ba96000 r--p 00000000 103:02 3146663                   /usr/lib/x86_64-linux-gnu/libmount.so.1.1.0
7eb37ba96000-7eb37bace000 r-xp 0000a000 103:02 3146663                   /usr/lib/x86_64-linux-gnu/libmount.so.1.1.0
7eb37bace000-7eb37badc000 r--p 00042000 103:02 3146663                   /usr/lib/x86_64-linux-gnu/libmount.so.1.1.0
7eb37badc000-7eb37bade000 r--p 00050000 103:02 3146663                   /usr/lib/x86_64-linux-gnu/libmount.so.1.1.0
7eb37bade000-7eb37badf000 rw-p 00052000 103:02 3146663                   /usr/lib/x86_64-linux-gnu/libmount.so.1.1.0
7eb37badf000-7eb37bae2000 r--p 00000000 103:02 3146987                   /usr/lib/x86_64-linux-gnu/libcap.so.2.75
7eb37bae2000-7eb37bae8000 r-xp 00003000 103:02 3146987                   /usr/lib/x86_64-linux-gnu/libcap.so.2.75
7eb37bae8000-7eb37baea000 r--p 00009000 103:02 3146987                   /usr/lib/x86_64-linux-gnu/libcap.so.2.75
7eb37baea000-7eb37baeb000 r--p 0000b000 103:02 3146987                   /usr/lib/x86_64-linux-gnu/libcap.so.2.75
7eb37baeb000-7eb37baec000 rw-p 0000c000 103:02 3146987                   /usr/lib/x86_64-linux-gnu/libcap.so.2.75
7eb37baec000-7eb37baee000 r--p 00000000 103:02 3166137                   /usr/lib/x86_64-linux-gnu/libXdmcp.so.6.0.0
7eb37baee000-7eb37baf0000 r-xp 00002000 103:02 3166137                   /usr/lib/x86_64-linux-gnu/libXdmcp.so.6.0.0
7eb37baf0000-7eb37baf2000 r--p 00004000 103:02 3166137                   /usr/lib/x86_64-linux-gnu/libXdmcp.so.6.0.0
7eb37baf2000-7eb37baf3000 r--p 00006000 103:02 3166137                   /usr/lib/x86_64-linux-gnu/libXdmcp.so.6.0.0
7eb37baf3000-7eb37baf4000 rw-p 00007000 103:02 3166137                   /usr/lib/x86_64-linux-gnu/libXdmcp.so.6.0.0
7eb37baf4000-7eb37baf5000 r--p 00000000 103:02 3159293                   /usr/lib/x86_64-linux-gnu/libXau.so.6.0.0
7eb37baf5000-7eb37baf7000 r-xp 00001000 103:02 3159293                   /usr/lib/x86_64-linux-gnu/libXau.so.6.0.0
7eb37baf7000-7eb37baf8000 r--p 00003000 103:02 3159293                   /usr/lib/x86_64-linux-gnu/libXau.so.6.0.0
7eb37baf8000-7eb37baf9000 r--p 00003000 103:02 3159293                   /usr/lib/x86_64-linux-gnu/libXau.so.6.0.0
7eb37baf9000-7eb37bafa000 rw-p 00004000 103:02 3159293                   /usr/lib/x86_64-linux-gnu/libXau.so.6.0.0
7eb37bafa000-7eb37bafb000 r--p 00000000 103:02 3149837                   /usr/lib/x86_64-linux-gnu/libbrotlidec.so.1.1.0
7eb37bafb000-7eb37bb03000 r-xp 00001000 103:02 3149837                   /usr/lib/x86_64-linux-gnu/libbrotlidec.so.1.1.0
7eb37bb03000-7eb37bb06000 r--p 00009000 103:02 3149837                   /usr/lib/x86_64-linux-gnu/libbrotlidec.so.1.1.0
7eb37bb06000-7eb37bb07000 r--p 0000b000 103:02 3149837                   /usr/lib/x86_64-linux-gnu/libbrotlidec.so.1.1.0
7eb37bb07000-7eb37bb08000 rw-p 0000c000 103:02 3149837                   /usr/lib/x86_64-linux-gnu/libbrotlidec.so.1.1.0
7eb37bb08000-7eb37bb0a000 r--p 00000000 103:02 3149459                   /usr/lib/x86_64-linux-gnu/libbz2.so.1.0.4
7eb37bb0a000-7eb37bb19000 r-xp 00002000 103:02 3149459                   /usr/lib/x86_64-linux-gnu/libbz2.so.1.0.4
7eb37bb19000-7eb37bb1b000 r--p 00011000 103:02 3149459                   /usr/lib/x86_64-linux-gnu/libbz2.so.1.0.4
7eb37bb1b000-7eb37bb1c000 r--p 00012000 103:02 3149459                   /usr/lib/x86_64-linux-gnu/libbz2.so.1.0.4
7eb37bb1c000-7eb37bb1d000 rw-p 00013000 103:02 3149459                   /usr/lib/x86_64-linux-gnu/libbz2.so.1.0.4
7eb37bb1d000-7eb37bb21000 r--p 00000000 103:02 3154722                   /usr/lib/x86_64-linux-gnu/libexpat.so.1.10.2
7eb37bb21000-7eb37bb3f000 r-xp 00004000 103:02 3154722                   /usr/lib/x86_64-linux-gnu/libexpat.so.1.10.2
7eb37bb3f000-7eb37bb47000 r--p 00022000 103:02 3154722                   /usr/lib/x86_64-linux-gnu/libexpat.so.1.10.2
7eb37bb47000-7eb37bb49000 r--p 0002a000 103:02 3154722                   /usr/lib/x86_64-linux-gnu/libexpat.so.1.10.2
7eb37bb49000-7eb37bb4a000 rw-p 0002c000 103:02 3154722                   /usr/lib/x86_64-linux-gnu/libexpat.so.1.10.2
7eb37bb4a000-7eb37bb4d000 r--p 00000000 103:02 3159599                   /usr/lib/x86_64-linux-gnu/libpcre2-8.so.0.14.0
7eb37bb4d000-7eb37bbc9000 r-xp 00003000 103:02 3159599                   /usr/lib/x86_64-linux-gnu/libpcre2-8.so.0.14.0
7eb37bbc9000-7eb37bbf7000 r--p 0007f000 103:02 3159599                   /usr/lib/x86_64-linux-gnu/libpcre2-8.so.0.14.0
7eb37bbf7000-7eb37bbf8000 r--p 000ac000 103:02 3159599                   /usr/lib/x86_64-linux-gnu/libpcre2-8.so.0.14.0
7eb37bbf8000-7eb37bbf9000 rw-p 000ad000 103:02 3159599                   /usr/lib/x86_64-linux-gnu/libpcre2-8.so.0.14.0
7eb37bbf9000-7eb37bbfb000 r--p 00000000 103:02 3149356                   /usr/lib/x86_64-linux-gnu/libatomic.so.1.2.0
7eb37bbfb000-7eb37bbff000 r-xp 00002000 103:02 3149356                   /usr/lib/x86_64-linux-gnu/libatomic.so.1.2.0
7eb37bbff000-7eb37bc01000 r--p 00006000 103:02 3149356                   /usr/lib/x86_64-linux-gnu/libatomic.so.1.2.0
7eb37bc01000-7eb37bc02000 r--p 00007000 103:02 3149356                   /usr/lib/x86_64-linux-gnu/libatomic.so.1.2.0
7eb37bc02000-7eb37bc03000 rw-p 00008000 103:02 3149356                   /usr/lib/x86_64-linux-gnu/libatomic.so.1.2.0
7eb37bc03000-7eb37bc04000 rw-p 00000000 00:00 0 
7eb37bc04000-7eb37bc05000 r--p 00000000 103:02 3156984                   /usr/lib/x86_64-linux-gnu/libXinerama.so.1.0.0
7eb37bc05000-7eb37bc06000 r-xp 00001000 103:02 3156984                   /usr/lib/x86_64-linux-gnu/libXinerama.so.1.0.0
7eb37bc06000-7eb37bc07000 r--p 00002000 103:02 3156984                   /usr/lib/x86_64-linux-gnu/libXinerama.so.1.0.0
7eb37bc07000-7eb37bc08000 r--p 00002000 103:02 3156984                   /usr/lib/x86_64-linux-gnu/libXinerama.so.1.0.0
7eb37bc08000-7eb37bc09000 rw-p 00003000 103:02 3156984                   /usr/lib/x86_64-linux-gnu/libXinerama.so.1.0.0
7eb37bc09000-7eb37bc0b000 r--p 00000000 103:02 3159891                   /usr/lib/x86_64-linux-gnu/libXrandr.so.2.2.0
7eb37bc0b000-7eb37bc12000 r-xp 00002000 103:02 3159891                   /usr/lib/x86_64-linux-gnu/libXrandr.so.2.2.0
7eb37bc12000-7eb37bc14000 r--p 00009000 103:02 3159891                   /usr/lib/x86_64-linux-gnu/libXrandr.so.2.2.0
7eb37bc14000-7eb37bc15000 r--p 0000a000 103:02 3159891                   /usr/lib/x86_64-linux-gnu/libXrandr.so.2.2.0
7eb37bc15000-7eb37bc16000 rw-p 0000b000 103:02 3159891                   /usr/lib/x86_64-linux-gnu/libXrandr.so.2.2.0
7eb37bc16000-7eb37bc17000 r--p 00000000 103:02 3153014                   /usr/lib/x86_64-linux-gnu/libXcomposite.so.1.0.0
7eb37bc17000-7eb37bc18000 r-xp 00001000 103:02 3153014                   /usr/lib/x86_64-linux-gnu/libXcomposite.so.1.0.0
7eb37bc18000-7eb37bc19000 r--p 00002000 103:02 3153014                   /usr/lib/x86_64-linux-gnu/libXcomposite.so.1.0.0
7eb37bc19000-7eb37bc1a000 r--p 00002000 103:02 3153014                   /usr/lib/x86_64-linux-gnu/libXcomposite.so.1.0.0
7eb37bc1a000-7eb37bc1b000 rw-p 00003000 103:02 3153014                   /usr/lib/x86_64-linux-gnu/libXcomposite.so.1.0.0
7eb37bc1b000-7eb37bc1e000 r--p 00000000 103:02 3150848                   /usr/lib/x86_64-linux-gnu/libXcursor.so.1.0.2
7eb37bc1e000-7eb37bc25000 r-xp 00003000 103:02 3150848                   /usr/lib/x86_64-linux-gnu/libXcursor.so.1.0.2
7eb37bc25000-7eb37bc27000 r--p 0000a000 103:02 3150848                   /usr/lib/x86_64-linux-gnu/libXcursor.so.1.0.2
7eb37bc27000-7eb37bc28000 r--p 0000b000 103:02 3150848                   /usr/lib/x86_64-linux-gnu/libXcursor.so.1.0.2
7eb37bc28000-7eb37bc29000 rw-p 0000c000 103:02 3150848                   /usr/lib/x86_64-linux-gnu/libXcursor.so.1.0.2
7eb37bc29000-7eb37bc35000 r--p 00000000 103:02 3163356                   /usr/lib/x86_64-linux-gnu/libatk-bridge-2.0.so.0.0.0
7eb37bc35000-7eb37bc50000 r-xp 0000c000 103:02 3163356                   /usr/lib/x86_64-linux-gnu/libatk-bridge-2.0.so.0.0.0
7eb37bc50000-7eb37bc64000 r--p 00027000 103:02 3163356                   /usr/lib/x86_64-linux-gnu/libatk-bridge-2.0.so.0.0.0
7eb37bc64000-7eb37bc65000 r--p 0003b000 103:02 3163356                   /usr/lib/x86_64-linux-gnu/libatk-bridge-2.0.so.0.0.0
7eb37bc65000-7eb37bc67000 rw-p 0003c000 103:02 3163356                   /usr/lib/x86_64-linux-gnu/libatk-bridge-2.0.so.0.0.0
7eb37bc67000-7eb37bc6a000 r--p 00000000 103:02 3163348                   /usr/lib/x86_64-linux-gnu/libXi.so.6.1.0
7eb37bc6a000-7eb37bc76000 r-xp 00003000 103:02 3163348                   /usr/lib/x86_64-linux-gnu/libXi.so.6.1.0
7eb37bc76000-7eb37bc78000 r--p 0000f000 103:02 3163348                   /usr/lib/x86_64-linux-gnu/libXi.so.6.1.0
7eb37bc78000-7eb37bc79000 r--p 00011000 103:02 3163348                   /usr/lib/x86_64-linux-gnu/libXi.so.6.1.0
7eb37bc79000-7eb37bc7a000 rw-p 00012000 103:02 3163348                   /usr/lib/x86_64-linux-gnu/libXi.so.6.1.0
7eb37bc7a000-7eb37bcda000 r--p 00000000 103:02 3163362                   /usr/lib/x86_64-linux-gnu/libepoxy.so.0.0.0
7eb37bcda000-7eb37bd42000 r-xp 00060000 103:02 3163362                   /usr/lib/x86_64-linux-gnu/libepoxy.so.0.0.0
7eb37bd42000-7eb37bd90000 r--p 000c8000 103:02 3163362                   /usr/lib/x86_64-linux-gnu/libepoxy.so.0.0.0
7eb37bd90000-7eb37bd98000 r--p 00115000 103:02 3163362                   /usr/lib/x86_64-linux-gnu/libepoxy.so.0.0.0
7eb37bd98000-7eb37bd9f000 rw-p 0011d000 103:02 3163362                   /usr/lib/x86_64-linux-gnu/libepoxy.so.0.0.0
7eb37bd9f000-7eb37bdaa000 r--p 00000000 103:02 3168875                   /usr/lib/x86_64-linux-gnu/libatk-1.0.so.0.25710.1
7eb37bdaa000-7eb37bdba000 r-xp 0000b000 103:02 3168875                   /usr/lib/x86_64-linux-gnu/libatk-1.0.so.0.25710.1
7eb37bdba000-7eb37bdc5000 r--p 0001b000 103:02 3168875                   /usr/lib/x86_64-linux-gnu/libatk-1.0.so.0.25710.1
7eb37bdc5000-7eb37bdc8000 r--p 00026000 103:02 3168875                   /usr/lib/x86_64-linux-gnu/libatk-1.0.so.0.25710.1
7eb37bdc8000-7eb37bdc9000 rw-p 00029000 103:02 3168875                   /usr/lib/x86_64-linux-gnu/libatk-1.0.so.0.25710.1
7eb37bdc9000-7eb37bdd1000 r--p 00000000 103:02 3186910                   /usr/lib/x86_64-linux-gnu/libgdk_pixbuf-2.0.so.0.4200.12
7eb37bdd1000-7eb37bded000 r-xp 00008000 103:02 3186910                   /usr/lib/x86_64-linux-gnu/libgdk_pixbuf-2.0.so.0.4200.12
7eb37bded000-7eb37bdf6000 r--p 00024000 103:02 3186910                   /usr/lib/x86_64-linux-gnu/libgdk_pixbuf-2.0.so.0.4200.12
7eb37bdf6000-7eb37bdf7000 r--p 0002d000 103:02 3186910                   /usr/lib/x86_64-linux-gnu/libgdk_pixbuf-2.0.so.0.4200.12
7eb37bdf7000-7eb37bdf8000 rw-p 0002e000 103:02 3186910                   /usr/lib/x86_64-linux-gnu/libgdk_pixbuf-2.0.so.0.4200.12
7eb37bdf8000-7eb37bdfa000 r--p 00000000 103:02 3149595                   /usr/lib/x86_64-linux-gnu/libfribidi.so.0.4.0
7eb37bdfa000-7eb37bdfe000 r-xp 00002000 103:02 3149595                   /usr/lib/x86_64-linux-gnu/libfribidi.so.0.4.0
7eb37bdfe000-7eb37be15000 r--p 00006000 103:02 3149595                   /usr/lib/x86_64-linux-gnu/libfribidi.so.0.4.0
7eb37be15000-7eb37be16000 r--p 0001c000 103:02 3149595                   /usr/lib/x86_64-linux-gnu/libfribidi.so.0.4.0
7eb37be16000-7eb37be17000 rw-p 0001d000 103:02 3149595                   /usr/lib/x86_64-linux-gnu/libfribidi.so.0.4.0
7eb37be17000-7eb37be1f000 r--p 00000000 103:02 3155857                   /usr/lib/x86_64-linux-gnu/libpangoft2-1.0.so.0.5600.3
7eb37be1f000-7eb37be30000 r-xp 00008000 103:02 3155857                   /usr/lib/x86_64-linux-gnu/libpangoft2-1.0.so.0.5600.3
7eb37be30000-7eb37be37000 r--p 00019000 103:02 3155857                   /usr/lib/x86_64-linux-gnu/libpangoft2-1.0.so.0.5600.3
7eb37be37000-7eb37be38000 r--p 00020000 103:02 3155857                   /usr/lib/x86_64-linux-gnu/libpangoft2-1.0.so.0.5600.3
7eb37be38000-7eb37be39000 rw-p 00021000 103:02 3155857                   /usr/lib/x86_64-linux-gnu/libpangoft2-1.0.so.0.5600.3
7eb37be39000-7eb37be45000 r--p 00000000 103:02 3160629                   /usr/lib/x86_64-linux-gnu/libharfbuzz.so.0.61020.0
7eb37be45000-7eb37bf41000 r-xp 0000c000 103:02 3160629                   /usr/lib/x86_64-linux-gnu/libharfbuzz.so.0.61020.0
7eb37bf41000-7eb37bf74000 r--p 00108000 103:02 3160629                   /usr/lib/x86_64-linux-gnu/libharfbuzz.so.0.61020.0
7eb37bf74000-7eb37bf75000 r--p 0013b000 103:02 3160629                   /usr/lib/x86_64-linux-gnu/libharfbuzz.so.0.61020.0
7eb37bf75000-7eb37bf76000 rw-p 0013c000 103:02 3160629                   /usr/lib/x86_64-linux-gnu/libharfbuzz.so.0.61020.0
7eb37bf76000-7eb37bf89000 r--p 00000000 103:02 3160723                   /usr/lib/x86_64-linux-gnu/libpango-1.0.so.0.5600.3
7eb37bf89000-7eb37bfc8000 r-xp 00013000 103:02 3160723                   /usr/lib/x86_64-linux-gnu/libpango-1.0.so.0.5600.3
7eb37bfc8000-7eb37bfe9000 r--p 00052000 103:02 3160723                   /usr/lib/x86_64-linux-gnu/libpango-1.0.so.0.5600.3
7eb37bfe9000-7eb37bfed000 r--p 00072000 103:02 3160723                   /usr/lib/x86_64-linux-gnu/libpango-1.0.so.0.5600.3
7eb37bfed000-7eb37bfee000 rw-p 00076000 103:02 3160723                   /usr/lib/x86_64-linux-gnu/libpango-1.0.so.0.5600.3
7eb37bfee000-7eb37bff3000 r--p 00000000 103:02 3155854                   /usr/lib/x86_64-linux-gnu/libpangocairo-1.0.so.0.5600.3
7eb37bff3000-7eb37bffb000 r-xp 00005000 103:02 3155854                   /usr/lib/x86_64-linux-gnu/libpangocairo-1.0.so.0.5600.3
7eb37bffb000-7eb37bffe000 r--p 0000d000 103:02 3155854                   /usr/lib/x86_64-linux-gnu/libpangocairo-1.0.so.0.5600.3
7eb37bffe000-7eb37bfff000 r--p 00010000 103:02 3155854                   /usr/lib/x86_64-linux-gnu/libpangocairo-1.0.so.0.5600.3
7eb37bfff000-7eb37c000000 rw-p 00011000 103:02 3155854                   /usr/lib/x86_64-linux-gnu/libpangocairo-1.0.so.0.5600.3
7eb37c000000-7eb37c021000 rw-p 00000000 00:00 0 
7eb37c021000-7eb380000000 ---p 00000000 00:00 0 
7eb380000000-7eb380021000 rw-p 00000000 00:00 0 
7eb380021000-7eb384000000 ---p 00000000 00:00 0 
7eb384000000-7eb384021000 rw-p 00000000 00:00 0 
7eb384021000-7eb388000000 ---p 00000000 00:00 0 
7eb388000000-7eb388001000 rw-s 1039db000 00:10 2075                      anon_inode:i915.gem
7eb388001000-7eb388002000 rw-s 1039da000 00:10 2075                      anon_inode:i915.gem
7eb388002000-7eb388003000 rw-s 1037cf000 00:10 2075                      anon_inode:i915.gem
7eb388003000-7eb388005000 r--p 00000000 103:02 3156980                   /usr/lib/x86_64-linux-gnu/libXfixes.so.3.1.0
7eb388005000-7eb388008000 r-xp 00002000 103:02 3156980                   /usr/lib/x86_64-linux-gnu/libXfixes.so.3.1.0
7eb388008000-7eb388009000 r--p 00005000 103:02 3156980                   /usr/lib/x86_64-linux-gnu/libXfixes.so.3.1.0
7eb388009000-7eb38800a000 r--p 00005000 103:02 3156980                   /usr/lib/x86_64-linux-gnu/libXfixes.so.3.1.0
7eb38800a000-7eb38800b000 rw-p 00006000 103:02 3156980                   /usr/lib/x86_64-linux-gnu/libXfixes.so.3.1.0
7eb38800b000-7eb388048000 r--p 00000000 103:02 3162862                   /usr/lib/x86_64-linux-gnu/libgio-2.0.so.0.8600.0
7eb388048000-7eb388166000 r-xp 0003d000 103:02 3162862                   /usr/lib/x86_64-linux-gnu/libgio-2.0.so.0.8600.0
7eb388166000-7eb3881db000 r--p 0015b000 103:02 3162862                   /usr/lib/x86_64-linux-gnu/libgio-2.0.so.0.8600.0
7eb3881db000-7eb3881e4000 r--p 001cf000 103:02 3162862                   /usr/lib/x86_64-linux-gnu/libgio-2.0.so.0.8600.0
7eb3881e4000-7eb3881e5000 rw-p 001d8000 103:02 3162862                   /usr/lib/x86_64-linux-gnu/libgio-2.0.so.0.8600.0
7eb3881e5000-7eb3881e7000 rw-p 00000000 00:00 0 
7eb3881e7000-7eb388201000 r--p 00000000 103:02 3147087                   /usr/lib/x86_64-linux-gnu/libsystemd.so.0.40.0
7eb388201000-7eb3882b3000 r-xp 0001a000 103:02 3147087                   /usr/lib/x86_64-linux-gnu/libsystemd.so.0.40.0
7eb3882b3000-7eb3882e9000 r--p 000cc000 103:02 3147087                   /usr/lib/x86_64-linux-gnu/libsystemd.so.0.40.0
7eb3882e9000-7eb3882f5000 r--p 00102000 103:02 3147087                   /usr/lib/x86_64-linux-gnu/libsystemd.so.0.40.0
7eb3882f5000-7eb3882f6000 rw-p 0010e000 103:02 3147087                   /usr/lib/x86_64-linux-gnu/libsystemd.so.0.40.0
7eb3882f6000-7eb3882f7000 rw-p 00000000 00:00 0 
7eb3882f7000-7eb388302000 r--p 00000000 103:02 3163558                   /usr/lib/x86_64-linux-gnu/libpixman-1.so.0.44.0
7eb388302000-7eb3883f5000 r-xp 0000b000 103:02 3163558                   /usr/lib/x86_64-linux-gnu/libpixman-1.so.0.44.0
7eb3883f5000-7eb388405000 r--p 000fe000 103:02 3163558                   /usr/lib/x86_64-linux-gnu/libpixman-1.so.0.44.0
7eb388405000-7eb38840d000 r--p 0010d000 103:02 3163558                   /usr/lib/x86_64-linux-gnu/libpixman-1.so.0.44.0
7eb38840d000-7eb38840e000 rw-p 00115000 103:02 3163558                   /usr/lib/x86_64-linux-gnu/libpixman-1.so.0.44.0
7eb38840e000-7eb38841a000 r--p 00000000 103:02 3167727                   /usr/lib/x86_64-linux-gnu/libxcb.so.1.1.0
7eb38841a000-7eb38842e000 r-xp 0000c000 103:02 3167727                   /usr/lib/x86_64-linux-gnu/libxcb.so.1.1.0
7eb38842e000-7eb38843d000 r--p 00020000 103:02 3167727                   /usr/lib/x86_64-linux-gnu/libxcb.so.1.1.0
7eb38843d000-7eb38843e000 r--p 0002e000 103:02 3167727                   /usr/lib/x86_64-linux-gnu/libxcb.so.1.1.0
7eb38843e000-7eb38843f000 rw-p 0002f000 103:02 3167727                   /usr/lib/x86_64-linux-gnu/libxcb.so.1.1.0
7eb38843f000-7eb388443000 r--p 00000000 103:02 3156979                   /usr/lib/x86_64-linux-gnu/libXext.so.6.4.0
7eb388443000-7eb38844e000 r-xp 00004000 103:02 3156979                   /usr/lib/x86_64-linux-gnu/libXext.so.6.4.0
7eb38844e000-7eb388451000 r--p 0000f000 103:02 3156979                   /usr/lib/x86_64-linux-gnu/libXext.so.6.4.0
7eb388451000-7eb388452000 r--p 00011000 103:02 3156979                   /usr/lib/x86_64-linux-gnu/libXext.so.6.4.0
7eb388452000-7eb388453000 rw-p 00012000 103:02 3156979                   /usr/lib/x86_64-linux-gnu/libXext.so.6.4.0
7eb388453000-7eb38846c000 r--p 00000000 103:02 3163625                   /usr/lib/x86_64-linux-gnu/libX11.so.6.4.0
7eb38846c000-7eb388501000 r-xp 00019000 103:02 3163625                   /usr/lib/x86_64-linux-gnu/libX11.so.6.4.0
7eb388501000-7eb3885a1000 r--p 000ae000 103:02 3163625                   /usr/lib/x86_64-linux-gnu/libX11.so.6.4.0
7eb3885a1000-7eb3885a2000 r--p 0014e000 103:02 3163625                   /usr/lib/x86_64-linux-gnu/libX11.so.6.4.0
7eb3885a2000-7eb3885a6000 rw-p 0014f000 103:02 3163625                   /usr/lib/x86_64-linux-gnu/libX11.so.6.4.0
7eb3885a6000-7eb3885b3000 r--p 00000000 103:02 3149854                   /usr/lib/x86_64-linux-gnu/libfreetype.so.6.20.2
7eb3885b3000-7eb388648000 r-xp 0000d000 103:02 3149854                   /usr/lib/x86_64-linux-gnu/libfreetype.so.6.20.2
7eb388648000-7eb38866e000 r--p 000a2000 103:02 3149854                   /usr/lib/x86_64-linux-gnu/libfreetype.so.6.20.2
7eb38866e000-7eb388676000 r--p 000c7000 103:02 3149854                   /usr/lib/x86_64-linux-gnu/libfreetype.so.6.20.2
7eb388676000-7eb388677000 rw-p 000cf000 103:02 3149854                   /usr/lib/x86_64-linux-gnu/libfreetype.so.6.20.2
7eb388677000-7eb38867f000 r--p 00000000 103:02 3155593                   /usr/lib/x86_64-linux-gnu/libfontconfig.so.1.12.1
7eb38867f000-7eb3886af000 r-xp 00008000 103:02 3155593                   /usr/lib/x86_64-linux-gnu/libfontconfig.so.1.12.1
7eb3886af000-7eb3886c6000 r--p 00038000 103:02 3155593                   /usr/lib/x86_64-linux-gnu/libfontconfig.so.1.12.1
7eb3886c6000-7eb3886c8000 r--p 0004e000 103:02 3155593                   /usr/lib/x86_64-linux-gnu/libfontconfig.so.1.12.1
7eb3886c8000-7eb3886c9000 rw-p 00050000 103:02 3155593                   /usr/lib/x86_64-linux-gnu/libfontconfig.so.1.12.1
7eb3886c9000-7eb3886ce000 r--p 00000000 103:02 3146590                   /usr/lib/x86_64-linux-gnu/libpng16.so.16.50.0
7eb3886ce000-7eb3886f8000 r-xp 00005000 103:02 3146590                   /usr/lib/x86_64-linux-gnu/libpng16.so.16.50.0
7eb3886f8000-7eb388701000 r--p 0002f000 103:02 3146590                   /usr/lib/x86_64-linux-gnu/libpng16.so.16.50.0
7eb388701000-7eb388702000 r--p 00037000 103:02 3146590                   /usr/lib/x86_64-linux-gnu/libpng16.so.16.50.0
7eb388702000-7eb388703000 rw-p 00038000 103:02 3146590                   /usr/lib/x86_64-linux-gnu/libpng16.so.16.50.0
7eb388703000-7eb388706000 r--p 00000000 103:02 3149874                   /usr/lib/x86_64-linux-gnu/libz.so.1.3.1
7eb388706000-7eb388719000 r-xp 00003000 103:02 3149874                   /usr/lib/x86_64-linux-gnu/libz.so.1.3.1
7eb388719000-7eb388721000 r--p 00016000 103:02 3149874                   /usr/lib/x86_64-linux-gnu/libz.so.1.3.1
7eb388721000-7eb388722000 r--p 0001d000 103:02 3149874                   /usr/lib/x86_64-linux-gnu/libz.so.1.3.1
7eb388722000-7eb388723000 rw-p 0001e000 103:02 3149874                   /usr/lib/x86_64-linux-gnu/libz.so.1.3.1
7eb388723000-7eb388742000 r--p 00000000 103:02 3163799                   /usr/lib/x86_64-linux-gnu/libglib-2.0.so.0.8600.0
7eb388742000-7eb3887e8000 r-xp 0001f000 103:02 3163799                   /usr/lib/x86_64-linux-gnu/libglib-2.0.so.0.8600.0
7eb3887e8000-7eb388878000 r--p 000c5000 103:02 3163799                   /usr/lib/x86_64-linux-gnu/libglib-2.0.so.0.8600.0
7eb388878000-7eb388879000 r--p 00155000 103:02 3163799                   /usr/lib/x86_64-linux-gnu/libglib-2.0.so.0.8600.0
7eb388879000-7eb38887a000 rw-p 00156000 103:02 3163799                   /usr/lib/x86_64-linux-gnu/libglib-2.0.so.0.8600.0
7eb38887a000-7eb38887b000 rw-p 00000000 00:00 0 
7eb38887b000-7eb38888b000 r--p 00000000 103:02 3164037                   /usr/lib/x86_64-linux-gnu/libgobject-2.0.so.0.8600.0
7eb38888b000-7eb3888c2000 r-xp 00010000 103:02 3164037                   /usr/lib/x86_64-linux-gnu/libgobject-2.0.so.0.8600.0
7eb3888c2000-7eb3888da000 r--p 00047000 103:02 3164037                   /usr/lib/x86_64-linux-gnu/libgobject-2.0.so.0.8600.0
7eb3888da000-7eb3888dd000 r--p 0005f000 103:02 3164037                   /usr/lib/x86_64-linux-gnu/libgobject-2.0.so.0.8600.0
7eb3888dd000-7eb3888de000 rw-p 00062000 103:02 3164037                   /usr/lib/x86_64-linux-gnu/libgobject-2.0.so.0.8600.0
7eb3888de000-7eb38890c000 r--p 00000000 103:02 3146966                   /usr/lib/x86_64-linux-gnu/libgdk-3.so.0.2418.32
7eb38890c000-7eb388999000 r-xp 0002e000 103:02 3146966                   /usr/lib/x86_64-linux-gnu/libgdk-3.so.0.2418.32
7eb388999000-7eb3889f4000 r--p 000bb000 103:02 3146966                   /usr/lib/x86_64-linux-gnu/libgdk-3.so.0.2418.32
7eb3889f4000-7eb3889fe000 r--p 00115000 103:02 3146966                   /usr/lib/x86_64-linux-gnu/libgdk-3.so.0.2418.32
7eb3889fe000-7eb388a00000 rw-p 0011f000 103:02 3146966                   /usr/lib/x86_64-linux-gnu/libgdk-3.so.0.2418.32
7eb388a00000-7eb388a8b000 r--p 00000000 103:02 3147100                   /usr/lib/x86_64-linux-gnu/libgtk-3.so.0.2418.32
7eb388a8b000-7eb388e3f000 r-xp 0008b000 103:02 3147100                   /usr/lib/x86_64-linux-gnu/libgtk-3.so.0.2418.32
7eb388e3f000-7eb389196000 r--p 0043f000 103:02 3147100                   /usr/lib/x86_64-linux-gnu/libgtk-3.so.0.2418.32
7eb389196000-7eb3891a8000 r--p 00795000 103:02 3147100                   /usr/lib/x86_64-linux-gnu/libgtk-3.so.0.2418.32
7eb3891a8000-7eb3891aa000 rw-p 007a7000 103:02 3147100                   /usr/lib/x86_64-linux-gnu/libgtk-3.so.0.2418.32
7eb3891aa000-7eb3891af000 rw-p 00000000 00:00 0 
7eb3891af000-7eb3891b0000 r--p 00000000 103:02 3156977                   /usr/lib/x86_64-linux-gnu/libXdamage.so.1.1.0
7eb3891b0000-7eb3891b1000 r-xp 00001000 103:02 3156977                   /usr/lib/x86_64-linux-gnu/libXdamage.so.1.1.0
7eb3891b1000-7eb3891b2000 r--p 00002000 103:02 3156977                   /usr/lib/x86_64-linux-gnu/libXdamage.so.1.1.0
7eb3891b2000-7eb3891b3000 r--p 00002000 103:02 3156977                   /usr/lib/x86_64-linux-gnu/libXdamage.so.1.1.0
7eb3891b3000-7eb3891b4000 rw-p 00003000 103:02 3156977                   /usr/lib/x86_64-linux-gnu/libXdamage.so.1.1.0
7eb3891b4000-7eb3891b8000 r--p 00000000 103:02 3155391                   /usr/lib/x86_64-linux-gnu/libcairo-gobject.so.2.11804.4
7eb3891b8000-7eb3891ba000 r-xp 00004000 103:02 3155391                   /usr/lib/x86_64-linux-gnu/libcairo-gobject.so.2.11804.4
7eb3891ba000-7eb3891bd000 r--p 00006000 103:02 3155391                   /usr/lib/x86_64-linux-gnu/libcairo-gobject.so.2.11804.4
7eb3891bd000-7eb3891bf000 r--p 00008000 103:02 3155391                   /usr/lib/x86_64-linux-gnu/libcairo-gobject.so.2.11804.4
7eb3891bf000-7eb3891c0000 rw-p 0000a000 103:02 3155391                   /usr/lib/x86_64-linux-gnu/libcairo-gobject.so.2.11804.4
7eb3891c0000-7eb3891cc000 r--p 00000000 103:02 3162500                   /usr/lib/x86_64-linux-gnu/libdbus-1.so.3.38.3
7eb3891cc000-7eb3891fd000 r-xp 0000c000 103:02 3162500                   /usr/lib/x86_64-linux-gnu/libdbus-1.so.3.38.3
7eb3891fd000-7eb38920e000 r--p 0003d000 103:02 3162500                   /usr/lib/x86_64-linux-gnu/libdbus-1.so.3.38.3
7eb38920e000-7eb38920f000 r--p 0004d000 103:02 3162500                   /usr/lib/x86_64-linux-gnu/libdbus-1.so.3.38.3
7eb38920f000-7eb389210000 rw-p 0004e000 103:02 3162500                   /usr/lib/x86_64-linux-gnu/libdbus-1.so.3.38.3
7eb389210000-7eb389224000 r--p 00000000 103:02 3160614                   /usr/lib/x86_64-linux-gnu/libcairo.so.2.11804.4
7eb389224000-7eb38931b000 r-xp 00014000 103:02 3160614                   /usr/lib/x86_64-linux-gnu/libcairo.so.2.11804.4
7eb38931b000-7eb389375000 r--p 0010b000 103:02 3160614                   /usr/lib/x86_64-linux-gnu/libcairo.so.2.11804.4
7eb389375000-7eb389379000 r--p 00165000 103:02 3160614                   /usr/lib/x86_64-linux-gnu/libcairo.so.2.11804.4
7eb389379000-7eb38937b000 rw-p 00169000 103:02 3160614                   /usr/lib/x86_64-linux-gnu/libcairo.so.2.11804.4
7eb38937b000-7eb38937c000 rw-p 00000000 00:00 0 
7eb38937c000-7eb38937d000 r--p 00000000 103:02 3168016                   /usr/lib/x86_64-linux-gnu/libxcb-present.so.0.0.0
7eb38937d000-7eb38937e000 r-xp 00001000 103:02 3168016                   /usr/lib/x86_64-linux-gnu/libxcb-present.so.0.0.0
7eb38937e000-7eb38937f000 r--p 00002000 103:02 3168016                   /usr/lib/x86_64-linux-gnu/libxcb-present.so.0.0.0
7eb38937f000-7eb389380000 r--p 00002000 103:02 3168016                   /usr/lib/x86_64-linux-gnu/libxcb-present.so.0.0.0
7eb389380000-7eb389381000 rw-p 00003000 103:02 3168016                   /usr/lib/x86_64-linux-gnu/libxcb-present.so.0.0.0
7eb389381000-7eb389384000 r--s 00000000 103:02 5506443                   /var/cache/fontconfig/a0107c79d978dfcc5e42cb1335b71036-le64.cache-9
7eb389384000-7eb38938a000 r--s 00000000 103:02 5506584                   /var/cache/fontconfig/d589a48862398ed80a3d6066f4f56f4c-le64.cache-9
7eb38938a000-7eb389391000 r--p 00000000 103:02 25479170                  /home/doghouse/.config/dconf/user
7eb389391000-7eb389395000 r--p 00000000 103:02 3146452                   /usr/lib/x86_64-linux-gnu/gio/modules/libdconfsettings.so
7eb389395000-7eb38939c000 r-xp 00004000 103:02 3146452                   /usr/lib/x86_64-linux-gnu/gio/modules/libdconfsettings.so
7eb38939c000-7eb38939f000 r--p 0000b000 103:02 3146452                   /usr/lib/x86_64-linux-gnu/gio/modules/libdconfsettings.so
7eb38939f000-7eb3893a0000 r--p 0000e000 103:02 3146452                   /usr/lib/x86_64-linux-gnu/gio/modules/libdconfsettings.so
7eb3893a0000-7eb3893a1000 rw-p 0000f000 103:02 3146452                   /usr/lib/x86_64-linux-gnu/gio/modules/libdconfsettings.so
7eb3893a1000-7eb3893b0000 r--p 00000000 00:31 56995                      /tmp/lwjgl_doghouse/3.3.4+7/x64/libglfw.so
7eb3893b0000-7eb3893d1000 r-xp 0000f000 00:31 56995                      /tmp/lwjgl_doghouse/3.3.4+7/x64/libglfw.so
7eb3893d1000-7eb389405000 r--p 00030000 00:31 56995                      /tmp/lwjgl_doghouse/3.3.4+7/x64/libglfw.so
7eb389405000-7eb389406000 ---p 00064000 00:31 56995                      /tmp/lwjgl_doghouse/3.3.4+7/x64/libglfw.so
7eb389406000-7eb38940a000 r--p 00064000 00:31 56995                      /tmp/lwjgl_doghouse/3.3.4+7/x64/libglfw.so
7eb38940a000-7eb38940d000 rw-p 00068000 00:31 56995                      /tmp/lwjgl_doghouse/3.3.4+7/x64/libglfw.so
7eb38940d000-7eb389430000 rw-p 00000000 00:00 0 
7eb389630000-7eb389634000 ---p 00000000 00:00 0 
7eb389634000-7eb389730000 rw-p 00000000 00:00 0 
7eb389730000-7eb389734000 ---p 00000000 00:00 0 
7eb389734000-7eb389830000 rw-p 00000000 00:00 0 
7eb389830000-7eb389834000 ---p 00000000 00:00 0 
7eb389834000-7eb389930000 rw-p 00000000 00:00 0 
7eb389930000-7eb3899fe000 r-xp 00000000 103:02 25711978                  /home/doghouse/.gradle/jdks/eclipse_adoptium-22-amd64-linux.2/lib/libjsvml.so
7eb3899fe000-7eb3899ff000 r--p 000cd000 103:02 25711978                  /home/doghouse/.gradle/jdks/eclipse_adoptium-22-amd64-linux.2/lib/libjsvml.so
7eb3899ff000-7eb389a00000 rw-p 000ce000 103:02 25711978                  /home/doghouse/.gradle/jdks/eclipse_adoptium-22-amd64-linux.2/lib/libjsvml.so
7eb389a00000-7eb389f76000 r--p 00000000 103:02 3147285                   /usr/lib/locale/locale-archive
7eb389f76000-7eb389f79000 r--s 00000000 103:02 5506585                   /var/cache/fontconfig/c7ddd67d65d940f1c07452067469d45b-le64.cache-9
7eb389f79000-7eb389f7e000 r--p 00000000 103:02 3163565                   /usr/lib/x86_64-linux-gnu/libxcb-render.so.0.0.0
7eb389f7e000-7eb389f83000 r-xp 00005000 103:02 3163565                   /usr/lib/x86_64-linux-gnu/libxcb-render.so.0.0.0
7eb389f83000-7eb389f87000 r--p 0000a000 103:02 3163565                   /usr/lib/x86_64-linux-gnu/libxcb-render.so.0.0.0
7eb389f87000-7eb389f88000 r--p 0000e000 103:02 3163565                   /usr/lib/x86_64-linux-gnu/libxcb-render.so.0.0.0
7eb389f88000-7eb389f89000 rw-p 0000f000 103:02 3163565                   /usr/lib/x86_64-linux-gnu/libxcb-render.so.0.0.0
7eb389f89000-7eb389fb3000 r--p 00000000 00:31 56994                      /tmp/lwjgl_doghouse/3.3.4+7/x64/liblwjgl.so
7eb389fb3000-7eb389fe5000 r-xp 0002a000 00:31 56994                      /tmp/lwjgl_doghouse/3.3.4+7/x64/liblwjgl.so
7eb389fe5000-7eb389ffe000 r--p 0005c000 00:31 56994                      /tmp/lwjgl_doghouse/3.3.4+7/x64/liblwjgl.so
7eb389ffe000-7eb389fff000 r--p 00074000 00:31 56994                      /tmp/lwjgl_doghouse/3.3.4+7/x64/liblwjgl.so
7eb389fff000-7eb38a000000 rw-p 00075000 00:31 56994                      /tmp/lwjgl_doghouse/3.3.4+7/x64/liblwjgl.so
7eb38a000000-7eb38c021000 rw-p 00000000 00:00 0 
7eb38c021000-7eb390000000 ---p 00000000 00:00 0 
7eb390000000-7eb390021000 rw-p 00000000 00:00 0 
7eb390021000-7eb394000000 ---p 00000000 00:00 0 
7eb394000000-7eb394021000 rw-p 00000000 00:00 0 
7eb394021000-7eb398000000 ---p 00000000 00:00 0 
7eb398000000-7eb398001000 r-xp 0005a000 00:31 56994                      /tmp/lwjgl_doghouse/3.3.4+7/x64/liblwjgl.so
7eb398001000-7eb398002000 rw-p 00000000 00:00 0 
7eb398002000-7eb398006000 ---p 00000000 00:00 0 
7eb398006000-7eb398102000 rw-p 00000000 00:00 0 
7eb398102000-7eb398106000 ---p 00000000 00:00 0 
7eb398106000-7eb398202000 rw-p 00000000 00:00 0 
7eb398202000-7eb398206000 ---p 00000000 00:00 0 
7eb398206000-7eb398302000 rw-p 00000000 00:00 0 
7eb398302000-7eb398306000 ---p 00000000 00:00 0 
7eb398306000-7eb398402000 rw-p 00000000 00:00 0 
7eb398402000-7eb398406000 ---p 00000000 00:00 0 
7eb398406000-7eb398502000 rw-p 00000000 00:00 0 
7eb398502000-7eb398506000 ---p 00000000 00:00 0 
7eb398506000-7eb398602000 rw-p 00000000 00:00 0 
7eb398602000-7eb398606000 ---p 00000000 00:00 0 
7eb398606000-7eb398803000 rw-p 00000000 00:00 0 
7eb398b06000-7eb3990b8000 rw-p 00000000 00:00 0 
7eb3990b8000-7eb39c7f8000 ---p 00000000 00:00 0 
7eb39c7f8000-7eb39c800000 rw-p 00000000 00:00 0 
7eb39c800000-7eb39cbe0000 rwxp 00000000 00:00 0 
7eb39cbe0000-7eb3a3c5f000 ---p 00000000 00:00 0 
7eb3a3c5f000-7eb3a403f000 rwxp 00000000 00:00 0 
7eb3a403f000-7eb3a43a0000 ---p 00000000 00:00 0 
7eb3a43a0000-7eb3a4610000 rwxp 00000000 00:00 0 
7eb3a4610000-7eb3ab800000 ---p 00000000 00:00 0 
7eb3ab800000-7eb3b3e12000 r--s 00000000 103:02 25711973                  /home/doghouse/.gradle/jdks/eclipse_adoptium-22-amd64-linux.2/lib/modules
7eb3b3e12000-7eb3b3e14000 r--s 00000000 103:02 5506532                   /var/cache/fontconfig/60495f9738a6f38c2f3f93e3ff28e478-le64.cache-9
7eb3b3e14000-7eb3b3e16000 r--p 00000000 103:02 3164035                   /usr/lib/x86_64-linux-gnu/libgmodule-2.0.so.0.8600.0
7eb3b3e16000-7eb3b3e18000 r-xp 00002000 103:02 3164035                   /usr/lib/x86_64-linux-gnu/libgmodule-2.0.so.0.8600.0
7eb3b3e18000-7eb3b3e19000 r--p 00004000 103:02 3164035                   /usr/lib/x86_64-linux-gnu/libgmodule-2.0.so.0.8600.0
7eb3b3e19000-7eb3b3e1a000 r--p 00004000 103:02 3164035                   /usr/lib/x86_64-linux-gnu/libgmodule-2.0.so.0.8600.0
7eb3b3e1a000-7eb3b3e1b000 rw-p 00005000 103:02 3164035                   /usr/lib/x86_64-linux-gnu/libgmodule-2.0.so.0.8600.0
7eb3b3e1b000-7eb3b3e1f000 r--p 00000000 103:02 3169551                   /usr/lib/x86_64-linux-gnu/libdecor-0.so.0.200.2
7eb3b3e1f000-7eb3b3e22000 r-xp 00004000 103:02 3169551                   /usr/lib/x86_64-linux-gnu/libdecor-0.so.0.200.2
7eb3b3e22000-7eb3b3e24000 r--p 00007000 103:02 3169551                   /usr/lib/x86_64-linux-gnu/libdecor-0.so.0.200.2
7eb3b3e24000-7eb3b3e25000 r--p 00008000 103:02 3169551                   /usr/lib/x86_64-linux-gnu/libdecor-0.so.0.200.2
7eb3b3e25000-7eb3b3e26000 rw-p 00009000 103:02 3169551                   /usr/lib/x86_64-linux-gnu/libdecor-0.so.0.200.2
7eb3b3e26000-7eb3b3e2b000 r--p 00000000 103:02 3168028                   /usr/lib/x86_64-linux-gnu/libxkbcommon.so.0.0.0
7eb3b3e2b000-7eb3b3e4d000 r-xp 00005000 103:02 3168028                   /usr/lib/x86_64-linux-gnu/libxkbcommon.so.0.0.0
7eb3b3e4d000-7eb3b3e71000 r--p 00027000 103:02 3168028                   /usr/lib/x86_64-linux-gnu/libxkbcommon.so.0.0.0
7eb3b3e71000-7eb3b3e73000 r--p 0004a000 103:02 3168028                   /usr/lib/x86_64-linux-gnu/libxkbcommon.so.0.0.0
7eb3b3e73000-7eb3b3e74000 rw-p 0004c000 103:02 3168028                   /usr/lib/x86_64-linux-gnu/libxkbcommon.so.0.0.0
7eb3b3e74000-7eb3b3e76000 r--p 00000000 103:02 3156133                   /usr/lib/x86_64-linux-gnu/libwayland-cursor.so.0.24.0
7eb3b3e76000-7eb3b3e78000 r-xp 00002000 103:02 3156133                   /usr/lib/x86_64-linux-gnu/libwayland-cursor.so.0.24.0
7eb3b3e78000-7eb3b3e79000 r--p 00004000 103:02 3156133                   /usr/lib/x86_64-linux-gnu/libwayland-cursor.so.0.24.0
7eb3b3e79000-7eb3b3e7a000 r--p 00004000 103:02 3156133                   /usr/lib/x86_64-linux-gnu/libwayland-cursor.so.0.24.0
7eb3b3e7a000-7eb3b3e7e000 rw-p 00005000 103:02 3156133                   /usr/lib/x86_64-linux-gnu/libwayland-cursor.so.0.24.0
7eb3b3e7e000-7eb3b5b02000 rw-p 00000000 00:00 0 
7eb3b5b02000-7eb3b8000000 ---p 00000000 00:00 0 
7eb3b8000000-7eb3b8001000 rw-p 00000000 00:00 0 
7eb3b8001000-7eb3b8002000 r--s 00000000 103:02 5509043                   /var/cache/fontconfig/da43223dd54fb3bb4243ae19d4b583b2-le64.cache-9
7eb3b8002000-7eb3b8003000 r--p 00000000 103:02 3156123                   /usr/lib/x86_64-linux-gnu/libwayland-egl.so.1.24.0
7eb3b8003000-7eb3b8004000 r-xp 00001000 103:02 3156123                   /usr/lib/x86_64-linux-gnu/libwayland-egl.so.1.24.0
7eb3b8004000-7eb3b8005000 r--p 00002000 103:02 3156123                   /usr/lib/x86_64-linux-gnu/libwayland-egl.so.1.24.0
7eb3b8005000-7eb3b8006000 r--p 00002000 103:02 3156123                   /usr/lib/x86_64-linux-gnu/libwayland-egl.so.1.24.0
7eb3b8006000-7eb3b8007000 rw-p 00003000 103:02 3156123                   /usr/lib/x86_64-linux-gnu/libwayland-egl.so.1.24.0
7eb3b8007000-7eb3b8009000 r--p 00000000 103:02 3157083                   /usr/lib/x86_64-linux-gnu/libffi.so.8.2.0
7eb3b8009000-7eb3b8010000 r-xp 00002000 103:02 3157083                   /usr/lib/x86_64-linux-gnu/libffi.so.8.2.0
7eb3b8010000-7eb3b8012000 r--p 00009000 103:02 3157083                   /usr/lib/x86_64-linux-gnu/libffi.so.8.2.0
7eb3b8012000-7eb3b8013000 r--p 0000a000 103:02 3157083                   /usr/lib/x86_64-linux-gnu/libffi.so.8.2.0
7eb3b8013000-7eb3b8014000 rw-p 0000b000 103:02 3157083                   /usr/lib/x86_64-linux-gnu/libffi.so.8.2.0
7eb3b8014000-7eb3b8015000 r--s 00000000 103:02 5506432                   /var/cache/fontconfig/3f7329c5293ffd510edef78f73874cfd-le64.cache-9
7eb3b8015000-7eb3b8016000 r--p 00000000 103:02 3163571                   /usr/lib/x86_64-linux-gnu/libxcb-shm.so.0.0.0
7eb3b8016000-7eb3b8017000 r-xp 00001000 103:02 3163571                   /usr/lib/x86_64-linux-gnu/libxcb-shm.so.0.0.0
7eb3b8017000-7eb3b8018000 r--p 00002000 103:02 3163571                   /usr/lib/x86_64-linux-gnu/libxcb-shm.so.0.0.0
7eb3b8018000-7eb3b8019000 r--p 00002000 103:02 3163571                   /usr/lib/x86_64-linux-gnu/libxcb-shm.so.0.0.0
7eb3b8019000-7eb3b801a000 rw-p 00003000 103:02 3163571                   /usr/lib/x86_64-linux-gnu/libxcb-shm.so.0.0.0
7eb3b801a000-7eb3b801c000 r--p 00000000 103:02 3160555                   /usr/lib/x86_64-linux-gnu/libXrender.so.1.3.0
7eb3b801c000-7eb3b8023000 r-xp 00002000 103:02 3160555                   /usr/lib/x86_64-linux-gnu/libXrender.so.1.3.0
7eb3b8023000-7eb3b8024000 r--p 00009000 103:02 3160555                   /usr/lib/x86_64-linux-gnu/libXrender.so.1.3.0
7eb3b8024000-7eb3b8025000 r--p 00009000 103:02 3160555                   /usr/lib/x86_64-linux-gnu/libXrender.so.1.3.0
7eb3b8025000-7eb3b8026000 rw-p 0000a000 103:02 3160555                   /usr/lib/x86_64-linux-gnu/libXrender.so.1.3.0
7eb3b8026000-7eb3b802b000 r--p 00000000 103:02 3150973                   /usr/lib/x86_64-linux-gnu/libdecor/plugins-1/libdecor-gtk.so
7eb3b802b000-7eb3b8033000 r-xp 00005000 103:02 3150973                   /usr/lib/x86_64-linux-gnu/libdecor/plugins-1/libdecor-gtk.so
7eb3b8033000-7eb3b8035000 r--p 0000d000 103:02 3150973                   /usr/lib/x86_64-linux-gnu/libdecor/plugins-1/libdecor-gtk.so
7eb3b8035000-7eb3b8038000 r--p 0000e000 103:02 3150973                   /usr/lib/x86_64-linux-gnu/libdecor/plugins-1/libdecor-gtk.so
7eb3b8038000-7eb3b8039000 rw-p 00011000 103:02 3150973                   /usr/lib/x86_64-linux-gnu/libdecor/plugins-1/libdecor-gtk.so
7eb3b8039000-7eb3b8a9e000 rw-p 00000000 00:00 0 
7eb3b8a9e000-7eb3b8b9f000 rw-p 00000000 00:00 0 
7eb3b8ca0000-7eb3b8da1000 rw-p 00000000 00:00 0 
7eb3b8da1000-7eb3b8ecc000 rw-p 00000000 00:00 0 
7eb3b8ecc000-7eb3b95b4000 ---p 00000000 00:00 0 
7eb3b95b4000-7eb3b962b000 rw-p 00000000 00:00 0 
7eb3b962b000-7eb3b9d13000 ---p 00000000 00:00 0 
7eb3b9d13000-7eb3baa26000 rw-p 00000000 00:00 0 
7eb3baa26000-7eb3bab0a000 ---p 00000000 00:00 0 
7eb3bab0a000-7eb3bab12000 rw-p 00000000 00:00 0 
7eb3bab12000-7eb3babf3000 ---p 00000000 00:00 0 
7eb3babf3000-7eb3babf7000 ---p 00000000 00:00 0 
7eb3babf7000-7eb3bacf3000 rw-p 00000000 00:00 0 
7eb3bacf3000-7eb3bad04000 r--p 00000000 103:02 3177831                   /usr/lib/x86_64-linux-gnu/libm.so.6
7eb3bad04000-7eb3bad8f000 r-xp 00011000 103:02 3177831                   /usr/lib/x86_64-linux-gnu/libm.so.6
7eb3bad8f000-7eb3badfe000 r--p 0009c000 103:02 3177831                   /usr/lib/x86_64-linux-gnu/libm.so.6
7eb3badfe000-7eb3badff000 r--p 0010a000 103:02 3177831                   /usr/lib/x86_64-linux-gnu/libm.so.6
7eb3badff000-7eb3bae00000 rw-p 0010b000 103:02 3177831                   /usr/lib/x86_64-linux-gnu/libm.so.6
7eb3bae00000-7eb3bc237000 r-xp 00000000 103:02 25711996                  /home/doghouse/.gradle/jdks/eclipse_adoptium-22-amd64-linux.2/lib/server/libjvm.so
7eb3bc237000-7eb3bc238000 ---p 01437000 103:02 25711996                  /home/doghouse/.gradle/jdks/eclipse_adoptium-22-amd64-linux.2/lib/server/libjvm.so
7eb3bc238000-7eb3bc308000 r--p 01437000 103:02 25711996                  /home/doghouse/.gradle/jdks/eclipse_adoptium-22-amd64-linux.2/lib/server/libjvm.so
7eb3bc308000-7eb3bc337000 rw-p 01507000 103:02 25711996                  /home/doghouse/.gradle/jdks/eclipse_adoptium-22-amd64-linux.2/lib/server/libjvm.so
7eb3bc337000-7eb3bc3ae000 rw-p 00000000 00:00 0 
7eb3bc3ae000-7eb3bc3af000 r--s 00000000 00:3e 150                        /run/user/1000/dconf/user
7eb3bc3af000-7eb3bc3b5000 r--p 00000000 103:02 3160757                   /usr/lib/x86_64-linux-gnu/libwayland-client.so.0.24.0
7eb3bc3b5000-7eb3bc3bc000 r-xp 00006000 103:02 3160757                   /usr/lib/x86_64-linux-gnu/libwayland-client.so.0.24.0
7eb3bc3bc000-7eb3bc3bf000 r--p 0000d000 103:02 3160757                   /usr/lib/x86_64-linux-gnu/libwayland-client.so.0.24.0
7eb3bc3bf000-7eb3bc3c1000 r--p 00010000 103:02 3160757                   /usr/lib/x86_64-linux-gnu/libwayland-client.so.0.24.0
7eb3bc3c1000-7eb3bc3c2000 rw-p 00012000 103:02 3160757                   /usr/lib/x86_64-linux-gnu/libwayland-client.so.0.24.0
7eb3bc3c2000-7eb3bc3e3000 rw-p 00000000 00:00 0 
7eb3bc3e3000-7eb3bc3fe000 r-xp 00000000 103:02 25712009                  /home/doghouse/.gradle/jdks/eclipse_adoptium-22-amd64-linux.2/lib/libzip.so
7eb3bc3fe000-7eb3bc3ff000 r--p 0001a000 103:02 25712009                  /home/doghouse/.gradle/jdks/eclipse_adoptium-22-amd64-linux.2/lib/libzip.so
7eb3bc3ff000-7eb3bc400000 rw-p 0001b000 103:02 25712009                  /home/doghouse/.gradle/jdks/eclipse_adoptium-22-amd64-linux.2/lib/libzip.so
7eb3bc400000-7eb3bc428000 r--p 00000000 103:02 3177815                   /usr/lib/x86_64-linux-gnu/libc.so.6
7eb3bc428000-7eb3bc5c1000 r-xp 00028000 103:02 3177815                   /usr/lib/x86_64-linux-gnu/libc.so.6
7eb3bc5c1000-7eb3bc630000 r--p 001c1000 103:02 3177815                   /usr/lib/x86_64-linux-gnu/libc.so.6
7eb3bc630000-7eb3bc634000 r--p 0022f000 103:02 3177815                   /usr/lib/x86_64-linux-gnu/libc.so.6
7eb3bc634000-7eb3bc636000 rw-p 00233000 103:02 3177815                   /usr/lib/x86_64-linux-gnu/libc.so.6
7eb3bc636000-7eb3bc643000 rw-p 00000000 00:00 0 
7eb3bc643000-7eb3bc64e000 r-xp 00000000 103:02 25711988                  /home/doghouse/.gradle/jdks/eclipse_adoptium-22-amd64-linux.2/lib/libnet.so
7eb3bc64e000-7eb3bc64f000 ---p 0000b000 103:02 25711988                  /home/doghouse/.gradle/jdks/eclipse_adoptium-22-amd64-linux.2/lib/libnet.so
7eb3bc64f000-7eb3bc650000 r--p 0000b000 103:02 25711988                  /home/doghouse/.gradle/jdks/eclipse_adoptium-22-amd64-linux.2/lib/libnet.so
7eb3bc650000-7eb3bc651000 rw-p 0000c000 103:02 25711988                  /home/doghouse/.gradle/jdks/eclipse_adoptium-22-amd64-linux.2/lib/libnet.so
7eb3bc651000-7eb3bc665000 r-xp 00000000 103:02 25711989                  /home/doghouse/.gradle/jdks/eclipse_adoptium-22-amd64-linux.2/lib/libnio.so
7eb3bc665000-7eb3bc666000 r--p 00013000 103:02 25711989                  /home/doghouse/.gradle/jdks/eclipse_adoptium-22-amd64-linux.2/lib/libnio.so
7eb3bc666000-7eb3bc667000 rw-p 00014000 103:02 25711989                  /home/doghouse/.gradle/jdks/eclipse_adoptium-22-amd64-linux.2/lib/libnio.so
7eb3bc667000-7eb3bc6b0000 rw-p 00000000 00:00 0 
7eb3bc6b0000-7eb3bc6b7000 ---p 00000000 00:00 0 
7eb3bc6b7000-7eb3bc6d7000 r-xp 00000000 103:02 25711979                  /home/doghouse/.gradle/jdks/eclipse_adoptium-22-amd64-linux.2/lib/libjava.so
7eb3bc6d7000-7eb3bc6d8000 ---p 00020000 103:02 25711979                  /home/doghouse/.gradle/jdks/eclipse_adoptium-22-amd64-linux.2/lib/libjava.so
7eb3bc6d8000-7eb3bc6d9000 r--p 00020000 103:02 25711979                  /home/doghouse/.gradle/jdks/eclipse_adoptium-22-amd64-linux.2/lib/libjava.so
7eb3bc6d9000-7eb3bc6da000 rw-p 00021000 103:02 25711979                  /home/doghouse/.gradle/jdks/eclipse_adoptium-22-amd64-linux.2/lib/libjava.so
7eb3bc6da000-7eb3bc6db000 rw-p 00000000 00:00 0 
7eb3bc6db000-7eb3bc6e3000 rw-s 00000000 00:31 57021                      /tmp/hsperfdata_doghouse/577649 (deleted)
7eb3bc6e3000-7eb3bc6e4000 r--p 00000000 103:02 3181357                   /usr/lib/x86_64-linux-gnu/librt.so.1
7eb3bc6e4000-7eb3bc6e5000 r-xp 00001000 103:02 3181357                   /usr/lib/x86_64-linux-gnu/librt.so.1
7eb3bc6e5000-7eb3bc6e6000 r--p 00002000 103:02 3181357                   /usr/lib/x86_64-linux-gnu/librt.so.1
7eb3bc6e6000-7eb3bc6e7000 r--p 00002000 103:02 3181357                   /usr/lib/x86_64-linux-gnu/librt.so.1
7eb3bc6e7000-7eb3bc6e8000 rw-p 00003000 103:02 3181357                   /usr/lib/x86_64-linux-gnu/librt.so.1
7eb3bc6e8000-7eb3bc6ea000 rw-p 00000000 00:00 0 
7eb3bc6ea000-7eb3bc6eb000 r--p 00000000 103:02 3177823                   /usr/lib/x86_64-linux-gnu/libdl.so.2
7eb3bc6eb000-7eb3bc6ec000 r-xp 00001000 103:02 3177823                   /usr/lib/x86_64-linux-gnu/libdl.so.2
7eb3bc6ec000-7eb3bc6ed000 r--p 00002000 103:02 3177823                   /usr/lib/x86_64-linux-gnu/libdl.so.2
7eb3bc6ed000-7eb3bc6ee000 r--p 00002000 103:02 3177823                   /usr/lib/x86_64-linux-gnu/libdl.so.2
7eb3bc6ee000-7eb3bc6ef000 rw-p 00003000 103:02 3177823                   /usr/lib/x86_64-linux-gnu/libdl.so.2
7eb3bc6ef000-7eb3bc6f0000 r--p 00000000 103:02 3181322                   /usr/lib/x86_64-linux-gnu/libpthread.so.0
7eb3bc6f0000-7eb3bc6f1000 r-xp 00001000 103:02 3181322                   /usr/lib/x86_64-linux-gnu/libpthread.so.0
7eb3bc6f1000-7eb3bc6f2000 r--p 00002000 103:02 3181322                   /usr/lib/x86_64-linux-gnu/libpthread.so.0
7eb3bc6f2000-7eb3bc6f3000 r--p 00002000 103:02 3181322                   /usr/lib/x86_64-linux-gnu/libpthread.so.0
7eb3bc6f3000-7eb3bc6f4000 rw-p 00003000 103:02 3181322                   /usr/lib/x86_64-linux-gnu/libpthread.so.0
7eb3bc6f4000-7eb3bc6f5000 rw-p 00000000 00:00 0 
7eb3bc6f5000-7eb3bc6f6000 rw-p 00000000 00:00 0 
7eb3bc6f6000-7eb3bc6f7000 r--p 00000000 103:02 3425307                   /usr/share/locale-langpack/en/LC_MESSAGES/gtk30.mo
7eb3bc6f7000-7eb3bc6f8000 ---p 00000000 00:00 0 
7eb3bc6f8000-7eb3bc6f9000 r--p 00000000 00:00 0 
7eb3bc6f9000-7eb3bc6fa000 ---p 00000000 00:00 0 
7eb3bc6fa000-7eb3bc715000 r-xp 00000000 103:02 25711972                  /home/doghouse/.gradle/jdks/eclipse_adoptium-22-amd64-linux.2/lib/libjimage.so
7eb3bc715000-7eb3bc716000 ---p 0001b000 103:02 25711972                  /home/doghouse/.gradle/jdks/eclipse_adoptium-22-amd64-linux.2/lib/libjimage.so
7eb3bc716000-7eb3bc718000 r--p 0001b000 103:02 25711972                  /home/doghouse/.gradle/jdks/eclipse_adoptium-22-amd64-linux.2/lib/libjimage.so
7eb3bc718000-7eb3bc719000 rw-p 0001d000 103:02 25711972                  /home/doghouse/.gradle/jdks/eclipse_adoptium-22-amd64-linux.2/lib/libjimage.so
7eb3bc719000-7eb3bc732000 r-xp 00000000 103:02 25712014                  /home/doghouse/.gradle/jdks/eclipse_adoptium-22-amd64-linux.2/lib/libjli.so
7eb3bc732000-7eb3bc733000 r--p 00018000 103:02 25712014                  /home/doghouse/.gradle/jdks/eclipse_adoptium-22-amd64-linux.2/lib/libjli.so
7eb3bc733000-7eb3bc734000 rw-p 00019000 103:02 25712014                  /home/doghouse/.gradle/jdks/eclipse_adoptium-22-amd64-linux.2/lib/libjli.so
7eb3bc734000-7eb3bc736000 rw-p 00000000 00:00 0 
7eb3bc736000-7eb3bc73a000 r--p 00000000 00:00 0                          [vvar]
7eb3bc73a000-7eb3bc73c000 r--p 00000000 00:00 0                          [vvar_vclock]
7eb3bc73c000-7eb3bc73e000 r-xp 00000000 00:00 0                          [vdso]
7eb3bc73e000-7eb3bc73f000 r--p 00000000 103:02 3177803                   /usr/lib/x86_64-linux-gnu/ld-linux-x86-64.so.2
7eb3bc73f000-7eb3bc76d000 r-xp 00001000 103:02 3177803                   /usr/lib/x86_64-linux-gnu/ld-linux-x86-64.so.2
7eb3bc76d000-7eb3bc77b000 r--p 0002f000 103:02 3177803                   /usr/lib/x86_64-linux-gnu/ld-linux-x86-64.so.2
7eb3bc77b000-7eb3bc77d000 r--p 0003d000 103:02 3177803                   /usr/lib/x86_64-linux-gnu/ld-linux-x86-64.so.2
7eb3bc77d000-7eb3bc77e000 rw-p 0003f000 103:02 3177803                   /usr/lib/x86_64-linux-gnu/ld-linux-x86-64.so.2
7eb3bc77e000-7eb3bc77f000 rw-p 00000000 00:00 0 
7ffc6b0bd000-7ffc6b0e0000 rw-p 00000000 00:00 0                          [stack]
ffffffffff600000-ffffffffff601000 --xp 00000000 00:00 0                  [vsyscall]
Total number of mappings: 914


VM Arguments:
jvm_args: -Dfile.encoding=UTF-8 -Duser.country=IE -Duser.language=en -Duser.variant 
java_command: com.mechanica.engine.samples.ui.ComposeUISceneKt
java_class_path (initial): /home/doghouse/Source/Mechanica/Mechanica/samples/build/classes/java/main:/home/doghouse/Source/Mechanica/Mechanica/samples/build/classes/kotlin/main:/home/doghouse/Source/Mechanica/Mechanica/samples/build/resources/main:/home/doghouse/Source/Mechanica/Mechanica/libs/Kotlin-CAVE-jvm-0.2.jar:/home/doghouse/Source/Mechanica/Mechanica/mechanica-ui/build/libs/mechanica-ui-0.1.jar:/home/doghouse/Source/Mechanica/Mechanica/desktop-application/build/libs/desktop-application-0.1.jar:/home/doghouse/Source/Mechanica/Mechanica/mechanica/build/libs/mechanica-0.1.jar:/home/doghouse/Source/Mechanica/Mechanica/application-interface/build/libs/application-interface-0.1.jar:/home/doghouse/Source/Mechanica/Mechanica/mechanica-shaders/build/libs/mechanica-shaders-0.1.jar:/home/doghouse/Source/Mechanica/Mechanica/common/build/libs/common-0.1.jar:/home/doghouse/.gradle/caches/modules-2/files-2.1/org.jetbrains.kotlinx/kotlinx-serialization-json-jvm/1.2.1/331ae06aefd6c6827c6f10589072ee1845a950c/kotlinx-serialization-json-jvm-1.2.1.jar:/home/doghouse/.gradle/caches/modules-2/files-2.1/org.jetbrains.kotlin/kotlin-reflect/2.2.0/4258f471b10f4fce1b1c000b59495b7413e1af9a/kotlin-reflect-2.2.0.jar:/home/doghouse/.gradle/caches/modules-2/files-2.1/org.jetbrains.kotlinx/kotlinx-serialization-core-jvm/1.2.1/e472959f7e506bc534549002adee5a4f12a8fae3/kotlinx-serialization-core-jvm-1.2.1.jar:/home/doghouse/.gradle/caches/modules-2/files-2.1/org.jetbrains.kotlin/kotlin-stdlib-jdk7/2.2.0/bfd42edfc4f88de5a02131108ab800fb32d53d03/kotlin-stdlib-jdk7-2.2.0.jar:/home/doghouse/Source/Mechanica/DukeUI2/DukeCompose/layout/build/libs/layout-1.0-SNAPSHOT.jar:/home/doghouse/.gradle/caches/modules-2/files-2.1/org.jetbrains.kotlinx/kotlinx-io-core-jvm/0.3.0/e75dbab630280667ae6c6b0709ffe982c975dc12/kotlinx-io-core-jvm-0.3.0.jar:/home/doghouse/.gradle/caches/modules-2/files-2.1/org.jetbrains.kotlinx/kotlinx-io-bytestring-jvm/0.3.0/425348456914347be3ada2cbfacefba84daf43e/kotlinx-io-bytestring-jvm-0.3.0.jar:/home/doghouse/Source/Mechanica/DukeUI2/DukeCompose/reactivity/build/libs/reactivity-1.0-SNAPSHOT.jar:/home/doghouse/.gradle/caches/modules-2/files-2.1/org.jetbrains.kotlin/kotlin-stdlib/2.2.0/fdfc65fbc42fda253a26f61dac3c0aca335fae96/kotlin-stdlib-2.2.0.jar:/home/doghouse/.gradle/caches/modules-2/files-2.1/org.jetbrains.kotlin/kotlin-stdlib-jdk8/2.2.0/ed572b04cd66acce7837ad753e4fe64d9c536025/kotlin-stdlib-jdk8-2.2.0.jar:/home/doghouse/.gradle/caches/modules-2/files-2.1/org.lwjgl/lwjgl-glfw/3.3.4/7e46ecdec85db8738053cfde1414352cd62dab74/lwjgl-glfw-3.3.4.jar:/home/doghouse/.gradle/caches/modules-2/files-2.1/org.lwjgl/lwjgl-glfw/3.3.4/91e3d4b56d6d1369ef107b9d7801c9f38125c590/lwjgl-glfw-3.3.4-natives-linux.jar:/home/doghouse/.gradle/caches/modules-2/files-2.1/org.lwjgl/lwjgl-openal/3.3.4/9b74d3ea380c83353d42af43ad9659e04dabe84a/lwjgl-openal-3.3.4.jar:/home/doghouse/.gradle/caches/modules-2/files-2.1/org.lwjgl/lwjgl-openal/3.3.4/45189277b5ac64b849de7293e8b1ef2cf2082102/lwjgl-openal-3.3.4-natives-linux.jar:/home/doghouse/.gradle/caches/modules-2/files-2.1/org.lwjgl/lwjgl-opengl/3.3.4/2852ac7d9f6fc71349f1ce28e2708ff1977f18af/lwjgl-opengl-3.3.4.jar:/home/doghouse/.gradle/caches/modules-2/files-2.1/org.lwjgl/lwjgl-opengl/3.3.4/789df76d2e3da55349d858dfb81442149af7c7f4/lwjgl-opengl-3.3.4-natives-linux.jar:/home/doghouse/.gradle/caches/modules-2/files-2.1/org.lwjgl/lwjgl-stb/3.3.4/5821735d5ef23f6da8542887344e57eb181b7cac/lwjgl-stb-3.3.4.jar:/home/doghouse/.gradle/caches/modules-2/files-2.1/org.lwjgl/lwjgl-stb/3.3.4/dfc129f009495e6effe8a023d7c3f9cf519e86e3/lwjgl-stb-3.3.4-natives-linux.jar:/home/doghouse/.gradle/caches/modules-2/files-2.1/org.lwjgl/lwjgl/3.3.4/b86c3e4832426e8a6b466013b7cb34b40e9ce956/lwjgl-3.3.4.jar:/home/doghouse/.gradle/caches/modules-2/files-2.1/org.lwjgl/lwjgl/3.3.4/a7ccba1d3f2fef214943e74335a80cc65d04e49/lwjgl-3.3.4-natives-linux.jar:/home/doghouse/.gradle/caches/modules-2/files-2.1/org.jetbrains/annotations/13.0/919f0dfe192fb4e063e7dacadee7f8bb9a2672a9/annotations-13.0.jar
Launcher Type: SUN_STANDARD

[Global flags]
     intx CICompilerCount                          = 12                                        {product} {ergonomic}
     uint ConcGCThreads                            = 3                                         {product} {ergonomic}
     uint G1ConcRefinementThreads                  = 13                                        {product} {ergonomic}
   size_t G1HeapRegionSize                         = 2097152                                   {product} {ergonomic}
   size_t InitialHeapSize                          = 247463936                                 {product} {ergonomic}
   size_t MarkStackSize                            = 4194304                                   {product} {ergonomic}
   size_t MaxHeapSize                              = 3957325824                                {product} {ergonomic}
   size_t MaxNewSize                               = 2373976064                                {product} {ergonomic}
   size_t MinHeapDeltaBytes                        = 2097152                                   {product} {ergonomic}
   size_t MinHeapSize                              = 8388608                                   {product} {ergonomic}
    uintx NonNMethodCodeHeapSize                   = 7602480                                {pd product} {ergonomic}
    uintx NonProfiledCodeHeapSize                  = 122027880                              {pd product} {ergonomic}
    uintx ProfiledCodeHeapSize                     = 122027880                              {pd product} {ergonomic}
    uintx ReservedCodeCacheSize                    = 251658240                              {pd product} {ergonomic}
     bool SegmentedCodeCache                       = true                                      {product} {ergonomic}
   size_t SoftMaxHeapSize                          = 3957325824                             {manageable} {ergonomic}
     bool UseCompressedOops                        = true                           {product lp64_product} {ergonomic}
     bool UseG1GC                                  = true                                      {product} {ergonomic}

Logging:
Log output configuration:
 #0: 
[error occurred during error reporting (printing log configuration), id 0xb, SIGSEGV (0xb) at pc=0x00007eb3bb9b2381]
Environment Variables:
JAVA_HOME=/home/doghouse/.gradle/jdks/eclipse_adoptium-22-amd64-linux.2
PATH=/home/doghouse/.config/carapace/bin:/home/doghouse/.local/share/pnpm:/opt/nvim-linux64/bin:/home/doghouse/.gradle/jdks/eclipse_adoptium-22-amd64-linux.2/bin:/usr/local/go/bin:/home/doghouse/.cargo/bin:/run/user/1000/fnm_multishells/15895_1731712441358/bin:/home/doghouse/.bun/bin:/home/doghouse/.local/share/JetBrains/Toolbox/scripts:/home/linuxbrew/.linuxbrew/bin:/home/doghouse/.local/bin:/home/doghouse/.config/carapace/bin:/home/doghouse/.local/share/pnpm:/home/doghouse/.local/bin:/home/doghouse/.nvm/versions/node/v22.13.1/bin:/usr/local/sbin:/usr/local/bin:/usr/sbin:/usr/bin:/sbin:/bin:/usr/games:/usr/local/games:/snap/bin:/home/doghouse/.dotnet/tools
SHELL=/bin/bash
DISPLAY=:1
LANG=en_IE.UTF-8
TERM=xterm-kitty

Active Locale:
LC_ALL=en_IE.UTF-8
LC_COLLATE=en_IE.UTF-8
LC_CTYPE=en_IE.UTF-8
LC_MESSAGES=en_IE.UTF-8
LC_MONETARY=en_IE.UTF-8
LC_NUMERIC=en_IE.UTF-8
LC_TIME=en_IE.UTF-8

Signal Handlers:
   SIGSEGV: crash_handler in libjvm.so, mask=11100100010111111101111111111110, flags=SA_RESTART|SA_SIGINFO, unblocked
    SIGBUS: crash_handler in libjvm.so, mask=11100100010111111101111111111110, flags=SA_RESTART|SA_SIGINFO, unblocked
    SIGFPE: crash_handler in libjvm.so, mask=11100100010111111101111111111110, flags=SA_RESTART|SA_SIGINFO, unblocked
   SIGPIPE: SIG_IGN, mask=00000000000010000000000000000000, flags=SA_RESTART, blocked
  *** Handler was modified!
  *** Expected: javaSignalHandler in libjvm.so, mask=11100100110111111111111111111110, flags=SA_RESTART|SA_SIGINFO
   SIGXFSZ: javaSignalHandler in libjvm.so, mask=11100100010111111101111111111110, flags=SA_RESTART|SA_SIGINFO, blocked
    SIGILL: crash_handler in libjvm.so, mask=11100100010111111101111111111110, flags=SA_RESTART|SA_SIGINFO, unblocked
   SIGUSR2: SR_handler in libjvm.so, mask=00000000000000000000000000000000, flags=SA_RESTART|SA_SIGINFO, blocked
    SIGHUP: UserHandler in libjvm.so, mask=11100100010111111101111111111110, flags=SA_RESTART|SA_SIGINFO, blocked
    SIGINT: UserHandler in libjvm.so, mask=11100100010111111101111111111110, flags=SA_RESTART|SA_SIGINFO, blocked
   SIGTERM: UserHandler in libjvm.so, mask=11100100010111111101111111111110, flags=SA_RESTART|SA_SIGINFO, blocked
   SIGQUIT: UserHandler in libjvm.so, mask=11100100010111111101111111111110, flags=SA_RESTART|SA_SIGINFO, blocked
   SIGTRAP: crash_handler in libjvm.so, mask=11100100010111111101111111111110, flags=SA_RESTART|SA_SIGINFO, unblocked


Periodic native trim disabled

---------------  S Y S T E M  ---------------

OS:
DISTRIB_ID=Ubuntu
DISTRIB_RELEASE=25.10
DISTRIB_CODENAME=questing
DISTRIB_DESCRIPTION="Ubuntu 25.10"
uname: Linux 6.17.0-14260204-generic #0+mediatree+hauppauge~hwe-Ubuntu SMP PREEMPT_DYNAMIC Sun Feb  8 x86_64
OS uptime: 0 days 8:14 hours
libc: glibc 2.42 NPTL 2.42 
rlimit (soft/hard): STACK 8192k/infinity , CORE 0k/infinity , NPROC 59497/59497 , NOFILE 524288/524288 , AS infinity/infinity , CPU infinity/infinity , DATA infinity/infinity , FSIZE infinity/infinity , MEMLOCK 8192k/8192k
load average: 1.93 2.05 2.19

/proc/meminfo:
MemTotal:       15450704 kB
MemFree:          286932 kB
MemAvailable:    1246404 kB
Buffers:           15020 kB
Cached:          2645400 kB
SwapCached:        74788 kB
Active:          6953224 kB
Inactive:        6921352 kB
Active(anon):    6556812 kB
Inactive(anon):  6205232 kB
Active(file):     396412 kB
Inactive(file):   716120 kB
Unevictable:      136768 kB
Mlocked:             368 kB
SwapTotal:       4194300 kB
SwapFree:            220 kB
Zswap:                 0 kB
Zswapped:              0 kB
Dirty:              1228 kB
Writeback:             4 kB
AnonPages:      11280536 kB
Mapped:           917492 kB
Shmem:           1548060 kB
KReclaimable:     189784 kB
Slab:             607612 kB
SReclaimable:     189784 kB
SUnreclaim:       417828 kB
KernelStack:       52476 kB
PageTables:       161832 kB
SecPageTables:     11880 kB
NFS_Unstable:          0 kB
Bounce:                0 kB
WritebackTmp:          0 kB
CommitLimit:    11919652 kB
Committed_AS:   43525312 kB
VmallocTotal:   34359738367 kB
VmallocUsed:      143328 kB
VmallocChunk:          0 kB
Percpu:            19200 kB
HardwareCorrupted:     0 kB
AnonHugePages:    106496 kB
ShmemHugePages:   188416 kB
ShmemPmdMapped:        0 kB
FileHugePages:         0 kB
FilePmdMapped:         0 kB
CmaTotal:              0 kB
CmaFree:               0 kB
Unaccepted:            0 kB
Balloon:               0 kB
HugePages_Total:       0
HugePages_Free:        0
HugePages_Rsvd:        0
HugePages_Surp:        0
Hugepagesize:       2048 kB
Hugetlb:               0 kB
DirectMap4k:    14834396 kB
DirectMap2M:     1542144 kB
DirectMap1G:     1048576 kB

/sys/kernel/mm/transparent_hugepage/enabled: always [madvise] never
/sys/kernel/mm/transparent_hugepage/hpage_pmd_size: 2097152
/sys/kernel/mm/transparent_hugepage/shmem_enabled: always within_size advise [never] deny force
/sys/kernel/mm/transparent_hugepage/defrag (defrag/compaction efforts parameter): always defer defer+madvise [madvise] never

Process Memory:
Virtual Size: 8555288K (peak: 8584148K)
Resident Set Size: 290716K (peak: 290716K) (anon: 161880K, file: 124532K, shmem: 4304K)
Swapped out: 0K
C-Heap outstanding allocations: 63122K, retained: 36373K
glibc malloc tunables: (default)

/proc/sys/kernel/threads-max (system-wide limit on the number of threads): 118994
/proc/sys/vm/max_map_count (maximum number of memory map areas a process may have): 1048576
/proc/sys/vm/swappiness (control to define how aggressively the kernel swaps out anonymous memory): 60
/proc/sys/kernel/pid_max (system-wide limit on number of process identifiers): 4194304

container (cgroup) information:
container_type: cgroupv2
cpu_cpuset_cpus: not supported
cpu_memory_nodes: not supported
active_processor_count: 8
cpu_quota: not supported
cpu_period: not supported
cpu_shares: not supported
memory_limit_in_bytes: unlimited
memory_and_swap_limit_in_bytes: unlimited
memory_soft_limit_in_bytes: unlimited
memory_usage_in_bytes: 3688372 k
memory_max_usage_in_bytes: not supported
memory_swap_current_in_bytes: 32732 k
memory_swap_max_limit_in_bytes: unlimited
maximum number of tasks: 17849
current number of tasks: 231

Steal ticks since vm start: 0
Steal ticks percentage since vm start:  0.000

CPU: total 16 (initial active 16) (16 cores per cpu, 1 threads per core) family 6 model 186 stepping 2 microcode 0x6134, cx8, cmov, fxsr, mmx, 3dnowpref, sse, sse2, sse3, ssse3, sse4.1, sse4.2, popcnt, lzcnt, tsc, tscinvbit, avx, avx2, aes, erms, clmul, bmi1, bmi2, adx, sha, fma, vzeroupper, clflush, clflushopt, clwb, serialize, rdtscp, rdpid, fsrm, f16c, pku, ospke, cet_ibt, cet_ss
CPU Model and flags from /proc/cpuinfo:
model name	: 13th Gen Intel(R) Core(TM) i7-1360P
flags		: fpu vme de pse tsc msr pae mce cx8 apic sep mtrr pge mca cmov pat pse36 clflush dts acpi mmx fxsr sse sse2 ss ht tm pbe syscall nx pdpe1gb rdtscp lm constant_tsc art arch_perfmon pebs bts rep_good nopl xtopology nonstop_tsc cpuid aperfmperf tsc_known_freq pni pclmulqdq dtes64 monitor ds_cpl vmx smx est tm2 ssse3 sdbg fma cx16 xtpr pdcm pcid sse4_1 sse4_2 x2apic movbe popcnt tsc_deadline_timer aes xsave avx f16c rdrand lahf_lm abm 3dnowprefetch cpuid_fault epb ssbd ibrs ibpb stibp ibrs_enhanced tpr_shadow flexpriority ept vpid ept_ad fsgsbase tsc_adjust bmi1 avx2 smep bmi2 erms invpcid rdseed adx smap clflushopt clwb intel_pt sha_ni xsaveopt xsavec xgetbv1 xsaves split_lock_detect user_shstk avx_vnni dtherm ida arat pln pts hwp hwp_notify hwp_act_window hwp_epp hwp_pkg_req hfi vnmi umip pku ospke waitpkg gfni vaes vpclmulqdq rdpid movdiri movdir64b fsrm md_clear serialize arch_lbr ibt flush_l1d arch_capabilities

Online cpus: 0-15
Offline cpus: 
BIOS frequency limitation: <Not Available>
Frequency switch latency (ns): 0
Available cpu frequencies: <Not Available>
Current governor: powersave
Core performance/turbo boost: <Not Available>

Memory: 4k page, physical 15450704k(1246404k free), swap 4194300k(220k free)
Page Sizes: 4k

vm_info: OpenJDK 64-Bit Server VM (22.0.2+9) for linux-amd64 JRE (22.0.2+9), built on 2024-07-16T00:00:00Z by "admin" with gcc 11.3.0

END.
